date,A,B2,C
2016-07-20,0,1,0
2016-08-15,0,1,0
2016-11-15,0,1,0
2016-11-16,0,1,0
2016-11-17,0,1,0
2016-11-20,0,1,0
2016-11-23,0,2,0
2016-11-26,0,1,0
2016-11-27,0,1,0
2016-11-29,0,2,0
2016-11-30,0,3,0
2016-12-05,0,2,0
2016-12-09,0,2,0
2016-12-12,0,4,0
2016-12-13,0,1,0
2016-12-14,0,1,0
2016-12-16,0,1,0
2016-12-17,0,1,0
2016-12-20,0,1,0
2016-12-25,0,1,0
2016-12-29,0,1,0
2016-12-30,0,4,0
2017-01-11,0,1,0
2017-01-12,0,1,0
2017-01-13,0,1,0
2017-01-14,0,2,0
2017-01-16,0,1,0
2017-01-17,0,2,0
2017-01-22,0,2,0
2017-01-25,0,2,0
2017-01-27,0,1,0
2017-01-29,0,1,0
2017-01-31,0,1,0
2017-02-03,0,1,0
2017-02-05,0,1,0
2017-02-06,0,1,0
2017-02-08,0,3,0
2017-02-09,0,3,0
2017-02-10,0,2,0
2017-02-13,0,1,0
2017-02-14,0,2,0
2017-02-15,0,4,0
2017-02-16,0,1,0
2017-02-17,0,1,0
2017-02-18,0,1,0
2017-02-20,0,1,0
2017-02-21,0,2,0
2017-02-22,0,4,0
2017-02-26,0,1,0
2017-02-28,0,2,0
2017-03-02,0,4,0
2017-03-04,0,2,0
2017-03-05,0,2,0
2017-03-08,0,2,0
2017-03-09,0,2,0
2017-03-11,0,1,0
2017-03-12,0,2,0
2017-03-14,0,1,0
2017-03-15,0,1,0
2017-03-16,0,1,0
2017-03-22,0,2,0
2017-03-23,0,2,0
2017-03-24,0,1,0
2017-03-25,0,3,0
2017-03-26,0,3,0
2017-03-27,0,4,0
2017-03-28,0,4,0
2017-03-29,0,3,0
2017-03-30,0,1,0
2017-03-31,0,1,0
2017-04-01,0,2,0
2017-04-04,0,1,0
2017-04-05,0,3,0
2017-04-06,0,1,0
2017-04-07,0,1,0
2017-04-10,0,1,0
2017-04-12,0,1,0
2017-04-13,0,1,0
2017-04-14,0,1,0
2017-04-15,0,3,0
2017-04-16,0,1,0
2017-04-18,0,2,0
2017-04-19,0,2,0
2017-04-20,0,1,0
2017-04-21,0,1,0
2017-04-22,0,1,0
2017-04-24,1,1,0
2017-04-25,0,1,0
2017-04-26,1,1,0
2017-04-28,0,2,0
2017-05-03,0,1,0
2017-05-04,0,1,0
2017-05-05,0,2,0
2017-05-07,0,1,0
2017-05-08,0,2,0
2017-05-09,0,2,0
2017-05-11,0,1,0
2017-05-12,0,2,0
2017-05-13,0,1,0
2017-05-15,0,1,0
2017-05-16,1,0,0
2017-05-17,0,1,1
2017-05-20,0,2,1
2017-05-22,0,2,0
2017-05-29,0,2,0
2017-05-31,0,1,0
2017-06-01,0,1,0
2017-06-05,0,0,1
2017-06-07,0,1,0
2017-06-08,0,1,0
2017-06-09,1,2,0
2017-06-10,0,1,0
2017-06-13,0,2,0
2017-06-14,0,1,0
2017-06-15,0,3,0
2017-06-16,0,2,0
2017-06-19,0,1,0
2017-06-20,0,1,0
2017-06-21,0,1,0
2017-06-22,0,1,0
2017-06-24,0,0,1
2017-06-26,0,2,0
2017-06-29,1,3,1
2017-07-05,0,1,0
2017-07-06,5,2,1
2017-07-07,0,1,0
2017-07-10,0,1,0
2017-07-11,0,1,0
2017-07-14,0,1,0
2017-07-16,0,1,0
2017-07-17,0,1,0
2017-07-18,0,4,0
2017-07-20,0,2,0
2017-07-23,1,0,0
2017-07-25,0,2,0
2017-07-26,0,1,0
2017-07-30,1,2,0
2017-08-02,0,1,0
2017-08-04,0,1,0
2017-08-08,0,1,0
2017-08-10,0,1,0
2017-08-11,1,0,0
2017-08-12,0,1,0
2017-08-15,0,1,0
2017-08-17,1,1,0
2017-08-18,0,1,0
2017-08-20,0,1,0
2017-08-24,0,2,0
2017-08-25,0,1,0
2017-08-26,0,0,1
2017-08-27,0,0,1
2017-08-28,0,1,0
2017-08-30,0,1,0
2017-08-31,0,2,0
2017-09-01,0,3,0
2017-09-02,0,1,0
2017-09-03,0,1,0
2017-09-05,0,5,0
2017-09-06,1,0,0
2017-09-08,0,4,0
2017-09-09,0,1,0
2017-09-10,0,1,0
2017-09-11,0,4,0
2017-09-12,1,2,0
2017-09-13,0,2,0
2017-09-14,0,4,0
2017-09-15,0,3,0
2017-09-16,0,0,1
2017-09-17,0,2,0
2017-09-18,0,3,0
2017-09-19,0,5,0
2017-09-21,0,3,3
2017-09-22,1,3,0
2017-09-23,0,2,0
2017-09-24,0,2,0
2017-09-25,0,2,0
2017-09-26,3,3,0
2017-09-28,0,3,0
2017-09-29,1,2,0
2017-09-30,0,7,0
2017-10-01,0,2,0
2017-10-02,0,3,0
2017-10-03,0,8,0
2017-10-04,1,9,0
2017-10-05,0,3,0
2017-10-06,1,0,0
2017-10-07,0,3,0
2017-10-08,0,1,0
2017-10-09,1,2,0
2017-10-10,0,2,0
2017-10-11,0,5,0
2017-10-12,1,7,0
2017-10-13,0,6,0
2017-10-14,0,2,0
2017-10-16,2,5,3
2017-10-17,1,4,0
2017-10-18,0,1,0
2017-10-19,0,5,0
2017-10-20,1,3,0
2017-10-21,0,7,0
2017-10-23,0,7,0
2017-10-24,1,3,1
2017-10-25,0,2,0
2017-10-26,0,6,0
2017-10-27,0,5,0
2017-10-28,0,3,1
2017-10-29,0,3,0
2017-10-30,0,2,0
2017-10-31,0,8,0
2017-11-01,0,6,0
2017-11-02,1,6,0
2017-11-03,0,3,0
2017-11-04,1,1,0
2017-11-05,0,5,0
2017-11-06,0,1,0
2017-11-07,0,5,0
2017-11-08,1,3,0
2017-11-09,0,1,0
2017-11-10,0,1,0
2017-11-11,0,1,0
2017-11-12,0,2,0
2017-11-14,3,5,0
2017-11-15,1,7,0
2017-11-16,1,2,0
2017-11-17,0,2,0
2017-11-18,0,1,0
2017-11-21,1,4,0
2017-11-22,0,5,0
2017-11-23,0,4,0
2017-11-24,0,1,0
2017-11-25,0,3,0
2017-11-27,0,2,0
2017-11-28,0,2,0
2017-11-29,1,5,0
2017-11-30,0,2,1
2017-12-01,2,9,0
2017-12-02,0,4,0
2017-12-03,0,1,0
2017-12-04,1,1,0
2017-12-05,1,7,0
2017-12-06,1,4,0
2017-12-07,1,5,0
2017-12-08,0,2,0
2017-12-09,0,5,0
2017-12-12,1,5,0
2017-12-13,0,3,0
2017-12-14,0,3,1
2017-12-15,1,3,0
2017-12-16,1,2,0
2017-12-17,0,2,0
2017-12-18,1,3,0
2017-12-19,0,1,0
2017-12-20,0,3,0
2017-12-21,1,1,1
2017-12-22,0,4,0
2017-12-23,1,1,0
2017-12-25,0,7,0
2017-12-26,0,4,0
2017-12-27,0,5,0
2017-12-28,0,6,0
2017-12-29,1,1,0
2017-12-30,2,1,0
2018-01-01,0,1,0
2018-01-03,0,2,0
2018-01-04,0,0,3
2018-01-05,0,1,0
2018-01-06,1,3,0
2018-01-08,0,2,0
2018-01-09,1,1,0
2018-01-10,0,3,1
2018-01-11,2,1,0
2018-01-12,1,3,0
2018-01-13,1,0,0
2018-01-14,0,4,0
2018-01-15,0,5,0
2018-01-16,0,5,1
2018-01-17,1,1,0
2018-01-19,0,1,0
2018-01-20,0,2,0
2018-01-21,0,1,0
2018-01-22,0,3,0
2018-01-23,0,2,0
2018-01-24,0,3,0
2018-01-25,0,1,1
2018-01-26,0,1,0
2018-01-27,0,2,0
2018-01-28,0,3,0
2018-01-29,0,5,0
2018-01-30,0,6,1
2018-01-31,0,7,0
2018-02-01,0,4,0
2018-02-02,0,6,0
2018-02-03,0,1,0
2018-02-04,0,2,0
2018-02-05,0,1,0
2018-02-06,0,1,0
2018-02-07,0,1,0
2018-02-08,0,2,0
2018-02-10,0,2,0
2018-02-11,0,1,0
2018-02-12,0,1,1
2018-02-13,0,4,0
2018-02-14,0,5,0
2018-02-15,0,2,0
2018-02-16,0,3,0
2018-02-17,0,9,0
2018-02-18,1,7,0
2018-02-19,0,4,0
2018-02-20,0,2,0
2018-02-21,1,2,0
2018-02-22,1,5,0
2018-02-23,0,1,0
2018-02-24,1,3,0
2018-02-25,0,2,3
2018-02-26,0,1,0
2018-02-27,0,5,0
2018-02-28,0,3,0
2018-03-01,0,3,1
2018-03-02,0,2,0
2018-03-03,0,3,0
2018-03-04,0,3,0
2018-03-05,1,4,0
2018-03-06,0,2,0
2018-03-08,0,2,0
2018-03-09,1,1,0
2018-03-10,0,5,0
2018-03-11,0,2,0
2018-03-12,0,3,0
2018-03-13,0,1,1
2018-03-14,0,4,0
2018-03-15,0,2,1
2018-03-16,2,2,0
2018-03-17,1,4,0
2018-03-19,0,6,0
2018-03-20,0,5,2
2018-03-21,1,2,0
2018-03-22,0,3,0
2018-03-23,0,2,0
2018-03-24,0,2,0
2018-03-25,0,3,0
2018-03-26,0,3,0
2018-03-27,0,3,1
2018-03-28,2,1,0
2018-03-29,0,5,2
2018-03-30,0,3,0
2018-03-31,3,4,0
2018-04-01,0,5,2
2018-04-02,4,3,0
2018-04-03,2,1,1
2018-04-04,1,3,4
2018-04-05,1,1,2
2018-04-06,6,6,6
2018-04-07,0,3,0
2018-04-08,0,3,0
2018-04-09,1,1,0
2018-04-10,1,6,1
2018-04-11,2,2,0
2018-04-12,1,12,3
2018-04-13,14,2,16
2018-04-14,0,6,0
2018-04-15,1,0,1
2018-04-16,13,2,8
2018-04-17,17,3,7
2018-04-18,15,2,2
2018-04-19,7,1,1
2018-04-20,5,3,1
2018-04-21,3,0,1
2018-04-22,8,4,1
2018-04-23,5,2,2
2018-04-24,2,4,0
2018-04-25,2,2,2
2018-04-26,3,4,0
2018-04-27,2,0,0
2018-04-28,1,2,0
2018-04-29,2,1,0
2018-04-30,1,0,1
2018-05-01,4,3,0
2018-05-02,1,4,0
2018-05-03,0,2,1
2018-05-04,1,5,1
2018-05-05,1,0,3
2018-05-06,1,2,1
2018-05-07,2,12,0
2018-05-08,2,4,0
2018-05-09,0,2,0
2018-05-10,0,9,0
2018-05-11,1,3,1
2018-05-12,1,4,0
2018-05-13,0,1,1
2018-05-14,0,4,1
2018-05-15,3,5,1
2018-05-16,0,6,0
2018-05-17,1,2,0
2018-05-18,0,5,1
2018-05-19,0,1,1
2018-05-20,0,1,0
2018-05-21,1,4,1
2018-05-22,0,1,0
2018-05-23,0,2,2
2018-05-24,1,1,1
2018-05-25,0,2,0
2018-05-26,0,0,1
2018-05-27,0,1,0
2018-05-28,0,1,2
2018-05-30,0,2,1
2018-05-31,1,1,1
2018-06-01,0,0,1
2018-06-02,1,0,1
2018-06-03,0,2,0
2018-06-04,0,5,2
2018-06-05,1,5,0
2018-06-06,1,2,0
2018-06-07,0,3,0
2018-06-08,1,1,1
2018-06-09,0,3,0
2018-06-11,0,1,0
2018-06-12,0,2,0
2018-06-13,0,2,0
2018-06-14,0,2,0
2018-06-15,0,3,0
2018-06-16,0,2,0
2018-06-17,0,2,0
2018-06-18,0,2,0
2018-06-19,0,3,0
2018-06-20,0,1,0
2018-06-21,0,1,0
2018-06-22,0,3,0
2018-06-23,0,2,0
2018-06-24,0,2,0
2018-06-26,0,1,0
2018-06-27,1,3,0
2018-06-28,0,3,0
2018-06-29,1,1,0
2018-06-30,0,3,0
2018-07-01,0,7,0
2018-07-02,0,3,0
2018-07-03,1,1,0
2018-07-04,0,1,0
2018-07-05,1,2,0
2018-07-06,0,1,0
2018-07-07,0,4,0
2018-07-08,0,1,0
2018-07-09,1,1,0
2018-07-10,0,2,0
2018-07-11,0,2,0
2018-07-12,1,1,0
2018-07-13,0,2,0
2018-07-14,0,1,0
2018-07-15,0,1,0
2018-07-16,0,3,0
2018-07-17,0,1,0
2018-07-18,1,0,0
2018-07-20,0,2,0
2018-07-22,0,2,0
2018-07-23,0,3,0
2018-07-24,0,2,0
2018-07-25,0,1,0
2018-07-27,0,0,1
2018-07-28,0,1,0
2018-07-29,0,1,1
2018-07-30,0,0,1
2018-07-31,1,2,0
2018-08-01,0,7,0
2018-08-02,1,2,1
2018-08-03,1,2,0
2018-08-04,0,2,0
2018-08-06,0,2,0
2018-08-07,0,1,2
2018-08-08,0,7,0
2018-08-09,0,7,0
2018-08-10,0,1,0
2018-08-11,0,2,0
2018-08-13,1,0,0
2018-08-14,0,3,0
2018-08-15,0,1,0
2018-08-16,0,2,0
2018-08-17,1,4,0
2018-08-18,0,1,0
2018-08-21,0,2,0
2018-08-22,0,2,0
2018-08-23,0,4,0
2018-08-24,0,4,0
2018-08-25,0,2,0
2018-08-26,0,1,1
2018-08-27,0,2,0
2018-08-28,1,4,1
2018-08-29,0,3,0
2018-08-30,0,8,0
2018-08-31,0,7,0
2018-09-01,0,6,0
2018-09-02,0,7,0
2018-09-03,3,5,0
2018-09-04,1,2,0
2018-09-07,0,5,0
2018-09-08,0,0,4
2018-09-09,0,3,0
2018-09-10,0,4,0
2018-09-11,0,3,0
2018-09-12,0,1,1
2018-09-13,0,1,0
2018-09-15,0,4,0
2018-09-16,0,2,0
2018-09-17,0,5,0
2018-09-18,0,8,2
2018-09-19,0,5,0
2018-09-20,0,2,0
2018-09-21,0,1,0
2018-09-23,0,1,0
2018-09-24,0,10,0
2018-09-25,0,3,0
2018-09-27,0,2,0
2018-09-28,0,3,0
2018-09-29,0,2,0
2018-09-30,0,1,0
2018-10-01,0,2,0
2018-10-02,0,5,0
2018-10-03,0,5,0
2018-10-04,0,4,0
2018-10-05,0,5,0
2018-10-06,0,2,0
2018-10-07,0,3,0
2018-10-08,0,4,0
2018-10-09,2,3,0
2018-10-10,0,3,0
2018-10-11,0,2,0
2018-10-12,0,3,0
2018-10-13,1,1,0
2018-10-14,0,1,0
2018-10-15,0,4,0
2018-10-16,0,5,0
2018-10-17,0,2,0
2018-10-20,0,1,0
2018-10-21,0,5,0
2018-10-22,0,4,0
2018-10-23,1,3,0
2018-10-24,0,5,0
2018-10-25,0,2,0
2018-10-26,0,2,0
2018-10-27,0,1,0
2018-10-28,0,1,0
2018-10-29,0,2,0
2018-10-30,1,2,0
2018-10-31,1,2,0
2018-11-01,0,5,0
2018-11-02,0,1,0
2018-11-03,0,1,0
2018-11-04,0,1,1
2018-11-05,0,5,0
2018-11-06,2,2,0
2018-11-07,0,4,1
2018-11-08,0,1,0
2018-11-09,0,3,0
2018-11-10,0,1,0
2018-11-11,1,2,1
2018-11-12,0,5,0
2018-11-13,2,3,0
2018-11-14,2,1,0
2018-11-15,0,1,0
2018-11-16,0,2,0
2018-11-18,0,1,0
2018-11-19,0,3,0
2018-11-20,0,3,0
2018-11-21,0,3,0
2018-11-22,1,11,1
2018-11-23,0,3,0
2018-11-24,0,1,0
2018-11-25,0,1,2
2018-11-26,0,13,0
2018-11-27,0,5,0
2018-11-28,0,9,0
2018-11-29,0,6,0
2018-11-30,0,6,0
2018-12-01,0,6,0
2018-12-02,0,3,1
2018-12-03,0,4,0
2018-12-04,1,5,1
2018-12-05,0,1,0
2018-12-06,0,4,0
2018-12-07,0,4,0
2018-12-08,0,2,0
2018-12-09,1,1,0
2018-12-10,0,2,0
2018-12-11,1,1,0
2018-12-12,0,4,0
2018-12-13,0,5,0
2018-12-14,1,2,0
2018-12-15,0,1,0
2018-12-16,1,1,0
2018-12-17,0,3,0
2018-12-18,5,3,0
2018-12-19,3,5,0
2018-12-20,1,9,0
2018-12-21,3,5,0
2018-12-23,1,0,0
2018-12-24,0,5,0
2018-12-25,0,7,0
2018-12-26,0,3,0
2018-12-27,0,5,1
2018-12-28,0,5,0
2018-12-29,1,2,0
2018-12-30,1,4,0
2018-12-31,1,3,2
2019-01-01,0,3,0
2019-01-03,1,2,0
2019-01-04,1,2,0
2019-01-05,1,1,0
2019-01-06,0,1,0
2019-01-07,0,1,0
2019-01-08,0,3,0
2019-01-10,2,1,0
2019-01-11,0,2,0
2019-01-12,1,1,0
2019-01-13,0,3,0
2019-01-14,1,2,0
2019-01-15,0,2,0
2019-01-16,2,1,0
2019-01-17,0,1,0
2019-01-18,1,4,0
2019-01-19,0,1,0
2019-01-20,0,3,0
2019-01-21,4,0,0
2019-01-22,0,3,0
2019-01-23,0,4,0
2019-01-24,1,1,0
2019-01-25,0,1,3
2019-01-26,0,3,0
2019-01-28,0,2,0
2019-01-29,1,2,0
2019-01-30,0,2,0
2019-01-31,1,6,0
2019-02-01,0,0,2
2019-02-02,0,4,0
2019-02-03,0,6,0
2019-02-04,2,1,0
2019-02-05,0,1,0
2019-02-06,1,1,0
2019-02-07,0,1,0
2019-02-08,0,1,0
2019-02-10,0,2,0
2019-02-13,0,4,0
2019-02-14,0,3,0
2019-02-16,0,1,0
2019-02-17,0,1,0
2019-02-18,0,5,0
2019-02-19,0,6,0
2019-02-21,0,2,0
2019-02-22,0,1,0
2019-02-23,0,2,0
2019-02-24,1,2,0
2019-02-25,0,2,0
2019-02-26,0,3,1
2019-02-27,0,4,0
2019-02-28,0,3,0
2019-03-01,0,2,0
2019-03-02,0,1,0
2019-03-04,1,3,0
2019-03-05,0,9,0
2019-03-06,1,6,0
2019-03-07,1,0,0
2019-03-08,0,1,0
2019-03-10,1,3,0
2019-03-11,0,3,0
2019-03-12,0,2,0
2019-03-13,0,3,0
2019-03-14,0,6,0
2019-03-15,0,4,0
2019-03-17,0,5,0
2019-03-18,0,5,0
2019-03-19,1,14,0
2019-03-20,0,4,2
2019-03-22,1,10,0
2019-03-23,0,4,0
2019-03-24,0,5,0
2019-03-25,0,1,0
2019-03-26,0,4,0
2019-03-27,1,4,0
2019-03-28,0,4,0
2019-03-29,0,2,0
2019-03-30,0,3,0
2019-03-31,0,4,1
2019-04-01,0,3,1
2019-04-02,0,5,0
2019-04-03,0,5,0
2019-04-04,0,2,0
2019-04-05,3,1,0
2019-04-06,1,0,0
2019-04-07,1,1,0
2019-04-08,0,4,1
2019-04-09,0,0,1
2019-04-10,0,2,0
2019-04-11,0,4,0
2019-04-12,0,1,0
2019-04-13,3,5,1
2019-04-14,1,1,0
2019-04-15,0,1,0
2019-04-16,3,1,0
2019-04-17,0,6,0
2019-04-18,1,10,0
2019-04-19,3,6,0
2019-04-20,1,1,1
2019-04-21,1,6,1
2019-04-22,0,5,0
2019-04-23,0,2,0
2019-04-24,0,8,0
2019-04-25,1,7,1
2019-04-26,0,3,0
2019-04-27,0,2,0
2019-04-28,0,1,0
2019-04-29,0,2,0
2019-04-30,2,1,0
2019-05-01,0,5,0
2019-05-02,0,1,0
2019-05-03,0,3,0
2019-05-04,0,1,0
2019-05-05,0,1,1
2019-05-06,0,4,0
2019-05-07,0,2,1
2019-05-08,1,1,0
2019-05-09,0,5,0
2019-05-10,0,1,0
2019-05-11,0,3,0
2019-05-12,0,1,0
2019-05-13,0,2,1
2019-05-14,0,1,0
2019-05-15,1,3,1
2019-05-16,2,4,0
2019-05-17,0,5,0
2019-05-20,0,3,0
2019-05-21,0,2,0
2019-05-22,0,4,0
2019-05-23,0,8,0
2019-05-24,0,1,0
2019-05-26,0,1,0
2019-05-27,0,3,1
2019-05-28,0,7,0
2019-05-29,1,10,0
2019-05-30,1,4,1
2019-05-31,1,5,0
2019-06-01,0,1,0
2019-06-02,3,3,0
2019-06-03,2,4,0
2019-06-04,0,2,1
2019-06-05,3,1,0
2019-06-06,0,5,1
2019-06-07,4,1,0
2019-06-09,0,4,1
2019-06-10,1,4,0
2019-06-11,0,13,0
2019-06-12,0,5,0
2019-06-13,1,4,2
2019-06-14,0,3,1
2019-06-15,0,0,1
2019-06-16,0,0,1
2019-06-17,2,4,1
2019-06-18,0,7,2
2019-06-19,1,6,0
2019-06-20,1,2,0
2019-06-21,2,9,0
2019-06-22,1,3,0
2019-06-23,0,5,0
2019-06-24,0,8,1
2019-06-25,0,4,0
2019-06-26,0,8,0
2019-06-27,0,2,0
2019-06-28,0,5,0
2019-06-29,0,5,0
2019-06-30,0,1,0
2019-07-01,0,5,0
2019-07-02,0,3,0
2019-07-03,0,8,0
2019-07-04,0,3,0
2019-07-05,3,3,0
2019-07-06,0,9,0
2019-07-07,0,1,0
2019-07-08,0,11,1
2019-07-09,0,7,0
2019-07-10,2,7,0
2019-07-11,1,14,0
2019-07-12,3,15,0
2019-07-13,0,4,0
2019-07-15,0,2,0
2019-07-16,0,18,0
2019-07-17,0,9,1
2019-07-18,0,10,0
2019-07-19,0,4,0
2019-07-20,0,4,0
2019-07-21,1,1,0
2019-07-22,1,1,1
2019-07-23,2,9,0
2019-07-24,0,7,1
2019-07-25,0,6,0
2019-07-26,1,1,0
2019-07-27,0,3,0
2019-07-28,0,7,0
2019-07-29,0,6,0
2019-07-30,2,6,0
2019-07-31,1,5,0
2019-08-01,0,5,1
2019-08-02,0,4,0
2019-08-03,0,2,0
2019-08-04,1,1,0
2019-08-05,0,4,1
2019-08-06,1,5,0
2019-08-07,0,15,1
2019-08-08,0,16,3
2019-08-09,0,7,0
2019-08-10,0,5,2
2019-08-11,1,10,0
2019-08-12,0,4,0
2019-08-13,1,20,0
2019-08-14,0,6,0
2019-08-15,0,10,3
2019-08-16,0,10,0
2019-08-17,0,1,0
2019-08-18,0,3,1
2019-08-19,3,9,0
2019-08-20,3,9,0
2019-08-21,0,8,0
2019-08-22,1,17,0
2019-08-23,0,19,0
2019-08-24,0,17,1
2019-08-25,0,7,0
2019-08-26,0,14,0
2019-08-27,1,7,0
2019-08-28,0,15,1
2019-08-29,0,11,0
2019-08-30,0,9,0
2019-08-31,0,5,0
2019-09-01,0,3,0
2019-09-02,1,4,0
2019-09-03,0,4,0
2019-09-04,0,4,0
2019-09-05,0,8,0
2019-09-06,2,6,0
2019-09-07,0,8,1
2019-09-08,0,12,0
2019-09-09,0,18,0
2019-09-10,0,20,0
2019-09-11,2,12,0
2019-09-12,0,3,0
2019-09-13,2,12,3
2019-09-14,1,4,0
2019-09-15,0,1,0
2019-09-16,0,12,0
2019-09-17,0,8,0
2019-09-18,1,2,0
2019-09-19,0,7,1
2019-09-20,0,7,1
2019-09-21,0,5,0
2019-09-22,0,1,0
2019-09-23,2,6,0
2019-09-24,0,13,0
2019-09-25,2,5,0
2019-09-26,3,11,0
2019-09-27,1,12,0
2019-09-28,0,3,0
2019-09-29,0,6,0
2019-09-30,2,6,0
2019-10-01,2,15,0
2019-10-02,0,8,1
2019-10-03,0,6,0
2019-10-04,1,18,0
2019-10-05,0,4,0
2019-10-06,0,5,0
2019-10-07,0,7,0
2019-10-08,2,8,0
2019-10-09,2,23,0
2019-10-10,1,5,0
2019-10-11,1,4,0
2019-10-12,1,2,1
2019-10-13,1,2,0
2019-10-14,0,12,1
2019-10-15,0,8,0
2019-10-16,1,10,1
2019-10-17,0,15,1
2019-10-18,0,8,1
2019-10-19,1,5,0
2019-10-20,1,3,0
2019-10-21,0,5,0
2019-10-22,1,19,0
2019-10-23,0,8,0
2019-10-24,3,13,0
2019-10-25,3,8,0
2019-10-26,1,3,2
2019-10-27,0,2,0
2019-10-28,0,12,2
2019-10-29,1,6,0
2019-10-30,1,5,0
2019-10-31,2,8,0
2019-11-01,1,6,0
2019-11-02,0,3,0
2019-11-03,0,6,0
2019-11-04,0,16,0
2019-11-05,1,5,1
2019-11-06,0,15,0
2019-11-07,0,10,0
2019-11-08,1,4,0
2019-11-09,0,2,0
2019-11-10,0,1,0
2019-11-11,0,9,0
2019-11-12,0,4,0
2019-11-13,0,11,0
2019-11-14,0,6,0
2019-11-15,0,8,0
2019-11-16,0,3,0
2019-11-17,0,8,2
2019-11-18,4,12,0
2019-11-19,0,10,0
2019-11-20,0,12,0
2019-11-21,0,12,1
2019-11-22,0,24,0
2019-11-23,0,23,4
2019-11-24,0,4,0
2019-11-25,0,21,1
2019-11-26,0,1,0
2019-11-27,1,8,0
2019-11-28,0,4,0
2019-11-29,4,11,0
2019-11-30,2,3,0
2019-12-01,0,3,0
2019-12-02,1,3,0
2019-12-03,1,3,1
2019-12-04,0,12,0
2019-12-05,1,42,0
2019-12-06,1,17,0
2019-12-07,0,10,0
2019-12-08,0,9,0
2019-12-09,0,19,0
2019-12-10,1,17,0
2019-12-11,0,14,0
2019-12-12,1,19,0
2019-12-13,0,11,1
2019-12-14,0,5,0
2019-12-15,0,15,0
2019-12-16,1,16,0
2019-12-17,0,8,0
2019-12-18,0,15,0
2019-12-19,0,8,0
2019-12-20,1,17,0
2019-12-21,0,5,0
2019-12-22,0,3,0
2019-12-23,3,15,0
2019-12-24,0,10,0
2019-12-25,0,7,0
2019-12-26,0,10,0
2019-12-27,0,11,0
2019-12-28,0,4,0
2019-12-29,0,6,0
2019-12-30,0,18,0
2019-12-31,0,10,0
2020-01-01,0,4,0
2020-01-02,0,5,0
2020-01-03,0,3,0
2020-01-04,0,4,0
2020-01-05,1,3,0
2020-01-06,0,7,0
2020-01-07,0,16,0
2020-01-08,0,10,1
2020-01-09,0,26,0
2020-01-10,1,17,0
2020-01-11,0,19,0
2020-01-12,0,14,0
2020-01-13,0,10,0
2020-01-14,0,4,0
2020-01-15,0,66,0
2020-01-16,2,20,0
2020-01-17,1,25,0
2020-01-18,1,2,0
2020-01-19,0,13,0
2020-01-20,2,18,1
2020-01-21,4,22,1
2020-01-22,0,8,0
2020-01-23,6,8,0
2020-01-24,0,18,1
2020-01-25,0,19,1
2020-01-26,0,8,0
2020-01-27,0,19,1
2020-01-28,3,14,0
2020-01-29,7,19,1
2020-01-30,4,10,0
2020-01-31,3,15,0
2020-02-01,1,8,0
2020-02-02,0,13,0
2020-02-03,1,19,0
2020-02-04,1,10,0
2020-02-05,0,4,0
2020-02-06,1,18,1
2020-02-07,2,23,0
2020-02-08,0,6,1
2020-02-09,1,6,0
2020-02-10,0,15,3
2020-02-11,0,20,0
2020-02-12,1,23,0
2020-02-13,2,15,0
2020-02-14,0,13,0
2020-02-15,0,5,0
2020-02-16,0,10,0
2020-02-17,0,9,0
2020-02-18,0,20,0
2020-02-19,1,17,0
2020-02-20,1,20,1
2020-02-21,0,27,1
2020-02-22,0,7,0
2020-02-23,2,8,0
2020-02-24,0,10,0
2020-02-25,0,13,0
2020-02-26,5,10,0
2020-02-27,1,39,0
2020-02-28,2,18,0
2020-02-29,2,4,0
2020-03-01,0,4,0
2020-03-02,0,18,0
2020-03-03,2,11,0
2020-03-04,2,31,0
2020-03-05,2,23,0
2020-03-06,0,7,0
2020-03-07,0,3,0
2020-03-08,1,1,0
2020-03-09,0,4,0
2020-03-10,1,26,0
2020-03-11,1,14,0
2020-03-12,1,21,0
2020-03-13,0,13,0
2020-03-14,0,10,0
2020-03-15,0,1,0
2020-03-16,1,15,0
2020-03-17,0,23,0
2020-03-18,3,11,0
2020-03-19,1,10,0
2020-03-20,0,21,0
2020-03-21,0,6,0
2020-03-22,0,11,0
2020-03-23,1,9,0
2020-03-24,1,10,0
2020-03-25,2,16,0
2020-03-26,3,14,5
2020-03-27,0,22,0
2020-03-28,0,6,0
2020-03-29,1,13,2
2020-03-30,0,11,1
2020-03-31,1,17,0
2020-04-01,1,10,0
2020-04-02,1,23,0
2020-04-03,1,16,0
2020-04-04,1,12,0
2020-04-05,2,12,1
2020-04-06,2,12,0
2020-04-07,0,15,1
2020-04-08,0,23,2
2020-04-09,0,12,2
2020-04-10,1,14,0
2020-04-11,0,2,1
2020-04-12,1,22,0
2020-04-13,1,8,0
2020-04-14,0,4,0
2020-04-15,0,20,0
2020-04-16,5,13,2
2020-04-17,0,10,4
2020-04-18,0,9,2
2020-04-19,0,6,0
2020-04-20,0,14,0
2020-04-21,0,13,0
2020-04-22,1,7,3
2020-04-23,0,10,2
2020-04-24,0,15,0
2020-04-25,0,5,1
2020-04-26,1,8,0
2020-04-27,2,14,1
2020-04-28,0,11,0
2020-04-29,0,8,0
2020-04-30,0,16,0
2020-05-01,0,12,0
2020-05-02,0,5,0
2020-05-03,0,7,1
2020-05-04,0,5,0
2020-05-05,0,13,0
2020-05-06,0,15,0
2020-05-07,0,18,0
2020-05-08,1,10,0
2020-05-09,0,6,0
2020-05-10,0,10,0
2020-05-11,0,6,0
2020-05-12,0,10,0
2020-05-13,1,13,1
2020-05-14,1,2,1
2020-05-15,2,12,1
2020-05-16,0,0,1
2020-05-17,0,8,1
2020-05-18,0,3,0
2020-05-19,2,8,0
2020-05-20,15,6,17
2020-05-21,0,5,1
2020-05-22,0,6,1
2020-05-23,0,7,0
2020-05-24,0,3,0
2020-05-25,1,8,1
2020-05-26,5,14,6
2020-05-27,2,16,14
2020-05-28,6,9,5
2020-05-29,0,6,0
2020-05-30,2,1,0
2020-05-31,0,9,2
2020-06-01,1,19,1
2020-06-02,0,15,1
2020-06-03,0,6,0
2020-06-04,0,6,2
2020-06-05,0,4,3
2020-06-06,0,11,0
2020-06-07,0,3,0
2020-06-08,0,12,1
2020-06-09,0,9,2
2020-06-10,0,22,2
2020-06-11,0,12,1
2020-06-12,0,4,0
2020-06-13,0,5,0
2020-06-14,0,13,0
2020-06-15,0,10,2
2020-06-16,0,12,2
2020-06-17,1,9,0
2020-06-18,19,21,10
2020-06-19,0,7,2
2020-06-20,0,1,1
2020-06-21,0,7,0
2020-06-22,1,12,0
2020-06-23,1,22,1
2020-06-24,0,6,0
2020-06-25,2,19,0
2020-06-26,1,15,0
2020-06-27,0,4,0
2020-06-28,0,14,0
2020-06-29,0,16,1
2020-06-30,2,12,2
2020-07-01,1,14,0
2020-07-02,0,14,0
2020-07-03,0,9,0
2020-07-04,0,3,0
2020-07-05,0,8,0
2020-07-06,2,12,0
2020-07-07,0,12,1
2020-07-08,0,17,0
2020-07-09,0,18,2
2020-07-10,0,20,0
2020-07-11,1,5,4
2020-07-12,0,5,0
2020-07-13,1,8,0
2020-07-14,0,8,0
2020-07-15,5,13,0
2020-07-16,0,13,2
2020-07-17,0,21,0
2020-07-18,6,1,0
2020-07-19,3,6,0
2020-07-20,0,8,0
2020-07-21,0,12,1
2020-07-22,0,7,0
2020-07-23,0,15,0
2020-07-24,0,14,0
2020-07-25,0,4,1
2020-07-26,0,5,0
2020-07-27,0,7,0
2020-07-28,1,10,14
2020-07-29,1,27,5
2020-07-30,2,42,2
2020-07-31,0,21,0
2020-08-01,0,15,0
2020-08-02,1,0,0
2020-08-03,0,9,1
2020-08-04,0,8,0
2020-08-05,0,11,0
2020-08-06,0,13,0
2020-08-07,0,5,1
2020-08-08,0,5,0
2020-08-09,0,11,2
2020-08-10,2,11,3
2020-08-11,0,7,1
2020-08-12,0,4,2
2020-08-13,0,8,2
2020-08-14,0,6,0
2020-08-15,0,9,0
2020-08-16,0,9,0
2020-08-17,0,10,1
2020-08-18,0,9,0
2020-08-19,0,7,0
2020-08-20,0,24,0
2020-08-21,0,20,0
2020-08-22,0,16,1
2020-08-23,0,3,0
2020-08-24,0,9,0
2020-08-25,0,17,0
2020-08-26,1,12,0
2020-08-27,0,13,0
2020-08-28,0,7,1
2020-08-29,0,13,2
2020-08-30,0,9,0
2020-08-31,1,11,0
2020-09-01,0,9,0
2020-09-02,0,16,1
2020-09-03,0,21,0
2020-09-04,0,12,0
2020-09-06,0,5,0
2020-09-07,1,8,0
2020-09-08,0,9,0
2020-09-09,0,16,0
2020-09-10,0,10,0
2020-09-11,0,15,1
2020-09-12,0,4,0
2020-09-13,0,7,1
2020-09-14,0,20,1
2020-09-15,0,22,1
2020-09-16,0,9,0
2020-09-17,0,13,0
2020-09-18,1,20,1
2020-09-19,2,4,1
2020-09-20,1,13,0
2020-09-21,1,3,0
2020-09-22,1,8,0
2020-09-23,1,14,0
2020-09-24,0,20,0
2020-09-25,0,10,1
2020-09-26,0,3,0
2020-09-27,1,29,0
2020-09-28,3,19,3
2020-09-29,1,14,0
2020-09-30,0,9,1
2020-10-01,1,19,1
2020-10-02,2,12,0
2020-10-03,0,27,0
2020-10-04,0,8,0
2020-10-05,0,20,0
2020-10-06,0,8,0
2020-10-07,1,13,0
2020-10-08,0,6,0
2020-10-09,0,7,1
2020-10-10,0,10,0
2020-10-11,0,14,1
2020-10-12,0,9,0
2020-10-13,0,12,1
2020-10-14,2,18,4
2020-10-15,2,18,0
2020-10-16,0,14,2
2020-10-17,0,8,0
2020-10-18,0,13,0
2020-10-19,2,22,2
2020-10-20,0,22,0
2020-10-21,0,5,0
2020-10-22,0,17,3
2020-10-23,0,15,0
2020-10-24,0,10,0
2020-10-25,0,7,1
2020-10-26,1,14,1
2020-10-27,0,11,5
2020-10-28,0,21,0
2020-10-29,0,11,0
2020-10-30,2,23,0
2020-10-31,1,5,1
2020-11-01,0,10,0
2020-11-02,0,12,0
2020-11-03,0,7,0
2020-11-04,0,5,0
2020-11-05,5,10,1
2020-11-06,1,19,0
2020-11-07,0,11,0
2020-11-08,0,5,0
2020-11-09,1,29,0
2020-11-10,1,22,1
2020-11-11,0,15,0
2020-11-12,0,6,0
2020-11-13,2,18,0
2020-11-14,0,10,3
2020-11-15,0,9,0
2020-11-16,1,18,0
2020-11-17,3,10,1
2020-11-18,2,6,0
2020-11-19,13,7,4
2020-11-20,0,2,6
2020-11-21,0,7,1
2020-11-22,0,14,1
2020-11-23,2,10,1
2020-11-24,0,12,0
2020-11-25,0,13,0
2020-11-26,1,7,0
2020-11-27,7,7,0
2020-11-28,4,13,0
2020-11-29,1,5,0
2020-11-30,1,18,0
2020-12-01,0,5,2
2020-12-02,4,8,1
2020-12-03,3,15,1
2020-12-04,0,16,1
2020-12-05,0,7,0
2020-12-06,1,3,1
2020-12-07,0,21,0
2020-12-08,2,8,0
2020-12-09,0,10,2
2020-12-10,0,8,1
2020-12-11,0,10,0
2020-12-12,0,6,0
2020-12-13,0,12,0
2020-12-14,0,14,2
2020-12-15,2,9,0
2020-12-16,1,7,0
2020-12-17,0,8,0
2020-12-18,1,7,0
2020-12-19,1,3,0
2020-12-20,0,3,0
2020-12-21,0,12,1
2020-12-22,2,19,0
2020-12-23,4,9,0
2020-12-24,0,3,0
2020-12-25,0,15,0
2020-12-26,0,9,0
2020-12-27,0,19,0
2020-12-28,0,8,0
2020-12-29,0,12,0
2020-12-30,4,7,0
2020-12-31,0,5,0
2021-01-01,0,1,0
2021-01-02,0,3,0
2021-01-03,0,1,0
2021-01-04,0,2,0
2021-01-05,0,18,1
2021-01-06,0,11,1
2021-01-07,0,5,4
2021-01-08,2,2,0
2021-01-09,0,2,4
2021-01-10,1,5,2
2021-01-11,1,19,1
2021-01-12,2,8,2
2021-01-13,1,11,0
2021-01-14,0,6,2
2021-01-15,1,9,0
2021-01-16,0,17,2
2021-01-17,2,18,1
2021-01-18,1,13,2
2021-01-19,1,22,2
2021-01-20,2,16,1
2021-01-21,5,12,1
2021-01-22,0,23,2
2021-01-23,1,19,1
2021-01-24,0,21,4
2021-01-25,0,11,0
2021-01-26,1,22,4
2021-01-27,3,13,1
2021-01-28,1,10,0
2021-01-29,2,15,1
2021-01-30,3,8,0
2021-01-31,5,14,1
2021-02-01,2,28,1
2021-02-02,3,39,0
2021-02-03,2,22,2
2021-02-04,2,33,1
2021-02-05,0,29,1
2021-02-06,0,10,2
2021-02-07,0,9,2
2021-02-08,0,9,4
2021-02-09,3,22,1
2021-02-10,1,13,1
2021-02-11,5,17,2
2021-02-12,3,15,0
2021-02-13,0,10,0
2021-02-14,0,17,0
2021-02-15,2,13,1
2021-02-16,0,10,1
2021-02-17,1,7,2
2021-02-18,1,16,0
2021-02-19,0,20,0
2021-02-20,0,16,0
2021-02-21,0,11,1
2021-02-22,0,4,0
2021-02-23,0,4,0
2021-02-24,2,16,1
2021-02-25,0,15,1
2021-02-26,0,11,0
2021-02-27,0,10,2
2021-02-28,0,4,2
2021-03-01,4,15,0
2021-03-02,2,11,3
2021-03-03,1,14,0
2021-03-04,2,20,0
2021-03-05,0,7,0
2021-03-06,0,12,1
2021-03-07,2,2,0
2021-03-08,1,4,1
2021-03-09,1,14,1
2021-03-10,21,20,1
2021-03-11,8,14,0
2021-03-12,5,12,3
2021-03-13,2,10,0
2021-03-14,0,5,0
2021-03-15,0,20,4
2021-03-16,7,19,3
2021-03-17,4,4,3
2021-03-18,1,17,2
2021-03-19,0,24,0
2021-03-20,0,13,0
2021-03-21,0,13,0
2021-03-22,2,12,0
2021-03-23,2,28,0
2021-03-24,0,20,0
2021-03-25,3,20,0
2021-03-26,0,17,1
2021-03-27,2,4,0
2021-03-28,0,10,0
2021-03-29,1,20,0
2021-03-30,0,22,0
2021-03-31,1,16,2
2021-04-01,1,24,0
2021-04-02,0,15,0
2021-04-03,0,8,1
2021-04-04,0,12,0
2021-04-05,1,25,1
2021-04-06,1,27,0
2021-04-07,4,25,3
2021-04-08,1,40,0
2021-04-09,1,30,0
2021-04-10,1,10,1
2021-04-11,1,34,0
2021-04-12,1,28,0
2021-04-13,0,22,1
2021-04-14,3,49,2
2021-04-15,0,16,1
2021-04-16,0,17,2
2021-04-17,0,8,0
2021-04-18,0,23,0
2021-04-19,2,15,1
2021-04-20,0,13,1
2021-04-21,1,18,0
2021-04-22,0,32,0
2021-04-23,1,20,2
2021-04-24,4,15,2
2021-04-25,0,13,2
2021-04-26,0,26,0
2021-04-27,0,25,1
2021-04-28,0,21,0
2021-04-29,1,25,0
2021-04-30,0,28,0
2021-05-01,1,8,1
2021-05-02,2,7,0
2021-05-03,1,9,1
2021-05-04,1,10,0
2021-05-05,1,8,0
2021-05-06,0,13,1
2021-05-07,0,11,1
2021-05-08,0,7,7
2021-05-09,1,13,0
2021-05-10,2,9,0
2021-05-11,0,14,3
2021-05-12,0,14,5
2021-05-13,2,14,1
2021-05-14,0,13,0
2021-05-15,1,4,1
2021-05-16,3,1,1
2021-05-17,0,13,0
2021-05-18,1,11,1
2021-05-19,0,14,0
2021-05-20,3,12,1
2021-05-21,0,18,0
2021-05-22,0,8,1
2021-05-23,2,15,0
2021-05-24,4,13,1
2021-05-25,1,24,1
2021-05-26,1,10,0
2021-05-27,2,16,0
2021-05-28,1,18,0
2021-05-29,1,18,0
2021-05-30,0,10,0
2021-05-31,1,16,0
2021-06-01,0,12,0
2021-06-02,1,21,0
2021-06-03,1,22,0
2021-06-04,2,18,0
2021-06-05,0,3,0
2021-06-06,0,14,0
2021-06-07,0,11,0
2021-06-08,0,4,1
2021-06-09,0,13,0
2021-06-10,0,10,0
2021-06-11,4,13,0
2021-06-12,3,8,1
2021-06-13,1,14,1
2021-06-14,0,5,0
2021-06-15,0,31,0
2021-06-16,2,31,1
2021-06-17,0,19,0
2021-06-18,0,20,0
2021-06-19,0,8,0
2021-06-20,0,14,0
2021-06-21,0,17,0
2021-06-22,1,25,1
2021-06-23,1,14,0
2021-06-24,2,24,0
2021-06-25,2,12,0
2021-06-26,0,4,0
2021-06-27,1,6,1
2021-06-28,1,18,0
2021-06-29,0,36,0
2021-06-30,0,6,0
2021-07-01,3,8,0
2021-07-02,3,14,1
2021-07-03,0,7,0
2021-07-04,1,14,0
2021-07-05,2,20,1
2021-07-06,1,10,1
2021-07-07,1,7,0
2021-07-08,1,6,0
2021-07-09,1,17,0
2021-07-10,0,10,0
2021-07-11,0,3,0
2021-07-12,1,15,2
2021-07-13,1,29,0
2021-07-14,1,19,0
2021-07-15,1,15,0
2021-07-16,3,21,1
2021-07-17,0,7,0
2021-07-18,1,7,0
2021-07-19,0,13,0
2021-07-20,1,12,0
2021-07-21,0,24,0
2021-07-22,0,10,0
2021-07-23,1,12,0
2021-07-24,0,10,0
2021-07-25,0,3,0
2021-07-26,8,4,0
2021-07-27,6,23,0
2021-07-28,1,28,1
2021-07-29,0,14,0
2021-07-30,2,19,2
2021-07-31,0,9,0
2021-08-01,0,4,0
2021-08-02,0,7,0
2021-08-03,2,7,0
2021-08-04,3,9,0
2021-08-05,4,3,1
2021-08-06,4,8,1
2021-08-08,0,8,1
2021-08-09,0,8,0
2021-08-10,0,7,0
2021-08-11,0,6,0
2021-08-12,1,18,0
2021-08-13,0,14,0
2021-08-14,1,10,0
2021-08-15,0,13,0
2021-08-16,1,13,3
2021-08-17,0,4,0
2021-08-18,1,6,5
2021-08-19,2,17,1
2021-08-20,0,15,0
2021-08-21,0,6,1
2021-08-22,0,5,1
2021-08-23,2,23,0
2021-08-24,2,10,2
2021-08-25,0,10,2
2021-08-26,0,13,0
2021-08-27,0,18,0
2021-08-28,0,2,0
2021-08-29,0,7,0
2021-08-30,4,8,1
2021-08-31,3,16,1
2021-09-01,2,9,0
2021-09-02,2,24,1
2021-09-03,2,18,5
2021-09-04,0,4,1
2021-09-05,0,12,1
2021-09-06,3,4,1
2021-09-07,2,29,0
2021-09-08,2,20,0
2021-09-09,3,14,0
2021-09-10,0,13,2
2021-09-11,2,10,0
2021-09-12,0,14,0
2021-09-13,1,10,0
2021-09-14,9,21,0
2021-09-15,1,10,0
2021-09-16,10,10,0
2021-09-17,2,12,1
2021-09-18,5,11,6
2021-09-19,2,8,1
2021-09-20,1,10,4
2021-09-21,0,10,0
2021-09-22,1,17,0
2021-09-23,1,12,2
2021-09-24,1,11,0
2021-09-25,0,7,1
2021-09-26,0,14,1
2021-09-27,4,11,1
2021-09-28,2,19,5
2021-09-29,5,22,5
2021-09-30,2,9,2
2021-10-01,1,7,0
2021-10-02,0,5,2
2021-10-03,1,5,0
2021-10-04,1,18,3
2021-10-05,3,8,1
2021-10-06,0,9,2
2021-10-07,2,16,0
2021-10-08,0,11,1
2021-10-09,3,5,0
2021-10-10,0,4,1
2021-10-11,0,36,2
2021-10-12,2,20,1
2021-10-13,0,25,0
2021-10-14,2,11,1
2021-10-15,0,9,1
2021-10-16,0,11,0
2021-10-17,0,20,0
2021-10-18,2,11,1
2021-10-19,1,15,0
2021-10-20,2,9,1
2021-10-21,1,9,2
2021-10-22,1,18,0
2021-10-23,1,9,0
2021-10-24,0,19,3
2021-10-25,0,17,2
2021-10-26,1,9,0
2021-10-27,0,40,1
2021-10-28,0,18,0
2021-10-29,1,17,1
2021-10-30,5,7,0
2021-10-31,0,8,0
2021-11-01,2,19,1
2021-11-02,1,27,0
2021-11-03,1,20,1
2021-11-04,0,10,0
2021-11-05,0,17,0
2021-11-06,0,19,0
2021-11-07,0,19,0
2021-11-08,4,11,0
2021-11-09,4,19,0
2021-11-10,3,14,0
2021-11-11,3,12,1
2021-11-12,0,10,0
2021-11-13,2,13,1
2021-11-14,2,7,0
2021-11-15,2,4,0
2021-11-16,3,16,0
2021-11-17,5,26,2
2021-11-18,1,13,0
2021-11-19,3,9,1
2021-11-20,0,5,1
2021-11-21,0,29,0
2021-11-22,4,24,1
2021-11-23,2,15,1
2021-11-24,3,21,0
2021-11-25,0,7,0
2021-11-26,1,8,1
2021-11-27,0,6,0
2021-11-28,0,7,1
2021-11-29,1,23,1
2021-11-30,1,12,2
2021-12-01,0,22,0
2021-12-02,1,12,0
2021-12-03,0,31,0
2021-12-04,0,32,1
2021-12-05,0,28,1
2021-12-06,2,34,2
2021-12-07,2,32,1
2021-12-08,2,22,0
2021-12-09,2,9,0
2021-12-10,0,19,1
2021-12-11,2,3,0
2021-12-12,3,22,0
2021-12-13,3,14,0
2021-12-14,3,9,4
2021-12-15,0,13,0
2021-12-16,0,25,3
2021-12-17,3,29,1
2021-12-18,2,16,1
2021-12-19,0,11,0
2021-12-20,2,16,0
2021-12-21,0,17,0
2021-12-22,2,19,0
2021-12-23,0,14,0
2021-12-24,2,11,1
2021-12-25,6,14,0
2021-12-26,0,32,0
2021-12-27,1,16,0
2021-12-28,4,5,0
2021-12-29,2,7,0
2021-12-30,0,19,0
2021-12-31,2,15,0
2022-01-01,2,4,0
2022-01-02,0,4,0
2022-01-03,0,20,0
2022-01-04,0,7,5
2022-01-05,1,73,3
2022-01-06,0,26,0
2022-01-07,0,27,1
2022-01-08,0,23,0
2022-01-09,1,26,0
2022-01-10,2,25,0
2022-01-11,1,24,0
2022-01-12,2,25,1
2022-01-13,0,26,3
2022-01-14,4,10,2
2022-01-15,0,4,1
2022-01-16,0,20,0
2022-01-17,2,19,0
2022-01-18,4,14,1
2022-01-19,3,26,0
2022-01-20,0,21,0
2022-01-21,0,32,1
2022-01-22,0,9,0
2022-01-23,1,4,0
2022-01-24,2,23,1
2022-01-25,1,15,0
2022-01-26,1,23,0
2022-01-27,2,44,0
2022-01-28,4,22,0
2022-01-29,2,24,0
2022-01-30,0,22,0
2022-01-31,5,18,0
2022-02-01,1,17,0
2022-02-02,8,26,2
2022-02-03,1,26,1
2022-02-04,1,15,27
2022-02-05,1,18,0
2022-02-06,0,13,0
2022-02-07,1,33,1
2022-02-08,1,21,0
2022-02-09,1,11,1
2022-02-10,3,17,1
2022-02-11,2,43,1
2022-02-12,0,22,1
2022-02-13,1,17,0
2022-02-14,0,27,2
2022-02-15,0,22,2
2022-02-16,5,33,0
2022-02-17,3,33,0
2022-02-18,3,38,0
2022-02-19,0,29,2
2022-02-20,2,39,0
2022-02-21,0,283,0
2022-02-22,2,71,0
2022-02-23,2,57,7
2022-02-24,9,84,4
2022-02-25,21,104,9
2022-02-26,29,113,3
2022-02-27,9,63,16
2022-02-28,11,62,6
2022-03-01,16,59,9
2022-03-02,14,35,6
2022-03-03,10,63,4
2022-03-04,29,37,11
2022-03-05,8,40,0
2022-03-06,22,32,1
2022-03-07,4,33,7
2022-03-08,3,18,18
2022-03-09,2,49,7
2022-03-10,8,32,12
2022-03-11,29,57,26
2022-03-12,7,23,6
2022-03-13,7,27,3
2022-03-14,16,59,1
2022-03-15,13,60,3
2022-03-16,12,40,4
2022-03-17,7,39,1
2022-03-18,21,46,10
2022-03-19,4,27,6
2022-03-20,6,23,2
2022-03-21,8,40,10
2022-03-22,20,57,6
2022-03-23,7,33,0
2022-03-24,5,47,11
2022-03-25,5,54,1
2022-03-26,6,38,13
2022-03-27,33,17,1
2022-03-28,11,87,2
2022-03-29,13,70,1
2022-03-30,2,77,3
2022-03-31,3,40,3
2022-04-01,6,63,7
2022-04-02,3,57,2
2022-04-03,9,117,1
2022-04-04,0,43,0
2022-04-05,11,53,2
2022-04-06,7,113,7
2022-04-07,15,120,0
2022-04-08,5,46,0
2022-04-09,13,20,15
2022-04-10,1,17,0
2022-04-11,8,45,5
2022-04-12,2,31,1
2022-04-13,3,53,1
2022-04-14,6,44,2
2022-04-15,3,36,0
2022-04-16,7,31,4
2022-04-17,3,29,2
2022-04-18,2,31,3
2022-04-19,3,44,6
2022-04-20,1,37,2
2022-04-21,2,40,2
2022-04-22,7,38,1
2022-04-23,0,11,3
2022-04-24,2,15,4
2022-04-25,13,24,1
2022-04-26,1,73,0
2022-04-27,0,41,4
2022-04-28,3,25,0
2022-04-29,3,26,15
2022-04-30,1,14,1
2022-05-01,1,27,0
2022-05-02,0,14,0
2022-05-03,0,30,9
2022-05-04,0,40,5
2022-05-05,0,44,1
2022-05-06,1,55,0
2022-05-07,2,19,0
2022-05-08,0,19,0
2022-05-09,0,21,0
2022-05-10,0,13,0
2022-05-11,1,60,2
2022-05-12,1,48,0
2022-05-13,1,39,0
2022-05-14,1,33,0
2022-05-15,1,13,0
2022-05-16,3,23,2
2022-05-17,13,67,3
2022-05-18,5,26,0
2022-05-19,16,73,0
2022-05-20,3,39,1
2022-05-21,4,9,0
2022-05-22,0,13,1
2022-05-23,2,23,1
2022-05-24,2,63,1
2022-05-25,6,16,1
2022-05-26,1,43,4
2022-05-27,2,23,2
2022-05-28,4,28,3
2022-05-29,5,27,7
2022-05-30,4,46,1
2022-05-31,3,47,0
2022-06-01,1,38,2
2022-06-02,1,58,0
2022-06-03,2,39,7
2022-06-04,1,18,3
2022-06-05,0,7,3
2022-06-06,2,29,1
2022-06-07,9,72,1
2022-06-08,1,36,0
2022-06-09,3,45,2
2022-06-10,3,16,2
2022-06-11,0,6,0
2022-06-12,0,18,2
2022-06-13,0,18,2
2022-06-14,1,20,1
2022-06-15,0,36,2
2022-06-16,3,39,0
2022-06-17,4,38,3
2022-06-18,0,22,0
2022-06-19,0,21,0
2022-06-20,5,36,2
2022-06-21,3,69,0
2022-06-22,5,24,1
2022-06-23,1,36,0
2022-06-24,0,12,0
2022-06-25,0,36,1
2022-06-26,0,18,0
2022-06-27,0,41,0
2022-06-28,2,43,2
2022-06-29,4,19,0
2022-06-30,3,51,1
2022-07-01,2,25,0
2022-07-02,3,29,0
2022-07-03,5,34,0
2022-07-04,1,33,1
2022-07-05,2,37,0
2022-07-06,2,20,3
2022-07-07,1,24,1
2022-07-08,13,25,2
2022-07-09,1,13,0
2022-07-10,2,13,1
2022-07-11,2,16,0
2022-07-12,3,24,2
2022-07-13,1,24,1
2022-07-14,4,11,2
2022-07-15,0,26,0
2022-07-16,0,8,0
2022-07-17,5,30,0
2022-07-18,5,43,1
2022-07-19,2,34,0
2022-07-20,2,18,1
2022-07-21,2,36,0
2022-07-22,4,24,3
2022-07-23,2,11,3
2022-07-24,3,10,0
2022-07-25,3,34,1
2022-07-26,5,29,2
2022-07-27,3,31,3
2022-07-28,4,43,1
2022-07-29,2,12,1
2022-07-30,2,20,0
2022-07-31,0,19,0
2022-08-01,1,19,0
2022-08-02,0,36,0
2022-08-03,6,25,0
2022-08-04,1,28,2
2022-08-05,0,26,1
2022-08-06,4,11,0
2022-08-07,2,12,1
2022-08-08,4,32,4
2022-08-09,0,27,1
2022-08-10,1,17,0
2022-08-11,1,40,0
2022-08-12,3,25,0
2022-08-13,0,8,2
2022-08-14,2,13,0
2022-08-15,1,11,1
2022-08-16,3,23,1
2022-08-17,4,15,3
2022-08-18,0,20,0
2022-08-19,2,37,0
2022-08-20,2,11,3
2022-08-21,2,23,0
2022-08-22,6,18,2
2022-08-23,6,20,0
2022-08-24,0,15,0
2022-08-25,8,27,0
2022-08-26,0,36,0
2022-08-27,3,19,1
2022-08-28,0,18,0
2022-08-29,3,26,1
2022-08-30,2,31,1
2022-08-31,1,14,0
2022-09-01,0,20,0
2022-09-02,4,15,0
2022-09-03,1,34,0
2022-09-04,1,53,0
2022-09-05,7,34,0
2022-09-06,2,35,0
2022-09-07,1,15,0
2022-09-08,0,8,0
2022-09-09,0,46,1
2022-09-10,0,17,2
2022-09-11,2,57,3
2022-09-12,1,52,1
2022-09-13,1,50,7
2022-09-14,3,27,0
2022-09-15,2,29,0
2022-09-16,1,27,0
2022-09-17,0,16,1
2022-09-18,0,28,0
2022-09-19,0,34,0
2022-09-20,6,81,0
2022-09-21,16,67,3
2022-09-22,0,40,0
2022-09-23,14,39,4
2022-09-24,6,21,8
2022-09-25,3,16,1
2022-09-26,16,42,1
2022-09-27,10,48,0
2022-09-28,3,36,0
2022-09-29,2,98,0
2022-09-30,1,151,0
2022-10-01,2,29,0
2022-10-02,4,27,2
2022-10-03,5,36,0
2022-10-04,8,21,3
2022-10-05,8,49,1
2022-10-06,3,54,1
2022-10-07,3,24,0
2022-10-08,2,51,2
2022-10-09,0,65,1
2022-10-10,0,161,0
2022-10-11,2,30,4
2022-10-12,2,34,2
2022-10-13,2,32,1
2022-10-14,20,40,1
2022-10-15,3,3,1
2022-10-16,4,32,0
2022-10-17,17,27,1
2022-10-18,3,53,6
2022-10-19,9,115,3
2022-10-20,9,46,0
2022-10-21,2,49,1
2022-10-22,4,30,2
2022-10-23,0,15,0
2022-10-24,1,48,1
2022-10-25,1,36,2
2022-10-26,3,51,0
2022-10-27,2,75,0
2022-10-28,2,36,4
2022-10-29,36,16,6
2022-10-30,6,28,4
2022-10-31,2,37,1
2022-11-01,14,46,1
2022-11-02,5,38,0
2022-11-03,5,52,0
2022-11-04,2,34,0
2022-11-05,1,8,1
2022-11-06,0,24,0
2022-11-07,0,53,0
2022-11-08,9,29,0
2022-11-09,1,49,0
2022-11-10,5,21,2
2022-11-11,1,60,0
2022-11-12,0,19,1
2022-11-13,2,29,0
2022-11-14,1,37,0
2022-11-15,0,96,0
2022-11-16,1,30,0
2022-11-17,4,40,0
2022-11-18,3,43,0
2022-11-19,1,11,2
2022-11-20,1,8,2
2022-11-21,3,47,1
2022-11-22,2,29,0
2022-11-23,1,41,1
2022-11-24,3,34,0
2022-11-25,10,51,1
2022-11-26,0,20,2
2022-11-27,3,18,3
2022-11-28,0,23,0
2022-11-29,1,25,0
2022-11-30,2,9,0
2022-12-01,1,34,1
2022-12-02,1,44,0
2022-12-03,1,29,1
2022-12-04,0,14,0
2022-12-05,8,37,1
2022-12-06,4,53,1
2022-12-07,1,37,1
2022-12-08,1,60,0
2022-12-09,0,38,1
2022-12-10,1,14,0
2022-12-11,0,45,0
2022-12-12,2,36,0
2022-12-13,6,40,1
2022-12-14,11,61,0
2022-12-15,1,36,0
2022-12-16,10,42,0
2022-12-17,8,9,1
2022-12-18,2,17,1
2022-12-19,3,39,0
2022-12-20,9,55,2
2022-12-21,1,80,2
2022-12-22,6,34,3
2022-12-23,6,36,0
2022-12-24,3,11,0
2022-12-25,0,46,0
2022-12-26,5,55,2
2022-12-27,2,45,2
2022-12-28,6,69,0
2022-12-29,3,22,2
2022-12-30,1,32,0
2022-12-31,0,33,0
2023-01-01,2,5,2
2023-01-02,0,9,3
2023-01-03,0,12,0
2023-01-04,2,11,0
2023-01-05,0,62,0
2023-01-06,0,41,0
2023-01-07,1,13,0
2023-01-08,1,19,1
2023-01-09,8,36,0
2023-01-10,2,55,2
2023-01-11,2,34,0
2023-01-12,4,38,0
2023-01-13,3,20,7
2023-01-14,0,15,0
2023-01-15,2,26,2
2023-01-16,5,44,0
2023-01-17,2,42,0
2023-01-18,2,22,2
2023-01-19,5,45,1
2023-01-20,6,59,0
2023-01-21,7,13,0
2023-01-22,1,16,0
2023-01-23,4,48,5
2023-01-24,2,33,1
2023-01-25,0,44,0
2023-01-26,3,29,0
2023-01-27,7,30,1
2023-01-28,1,17,1
2023-01-29,2,14,1
2023-01-30,4,24,0
2023-01-31,1,34,0
2023-02-01,1,37,2
2023-02-02,2,36,2
2023-02-03,1,34,0
2023-02-04,1,46,0
2023-02-05,3,26,1
2023-02-06,1,31,0
2023-02-07,3,19,2
2023-02-08,2,21,1
2023-02-09,2,41,0
2023-02-10,3,28,2
2023-02-11,0,10,1
2023-02-12,0,22,1
2023-02-13,4,22,2
2023-02-14,1,20,0
2023-02-15,7,21,3
2023-02-16,2,44,0
2023-02-17,3,28,1
2023-02-18,0,18,0
2023-02-19,0,34,3
2023-02-20,1,27,0
2023-02-21,1,56,1
2023-02-22,1,38,4
2023-02-23,0,16,0
2023-02-24,5,27,7
2023-02-25,1,17,3
2023-02-26,2,19,2
2023-02-27,3,42,1
2023-02-28,4,34,1
2023-03-01,3,20,2
2023-03-02,5,65,1
2023-03-03,1,35,0
2023-03-04,0,12,2
2023-03-05,3,15,4
2023-03-06,2,26,1
2023-03-07,0,22,0
2023-03-08,0,21,5
2023-03-09,1,24,0
2023-03-10,1,31,4
2023-03-11,0,19,1
2023-03-12,1,11,0
2023-03-13,1,40,0
2023-03-14,1,54,0
2023-03-15,3,63,0
2023-03-16,1,33,0
2023-03-17,5,52,0
2023-03-18,2,22,0
2023-03-19,0,47,0
2023-03-20,2,80,1
2023-03-21,0,85,3
2023-03-22,1,32,3
2023-03-23,1,61,0
2023-03-24,0,64,0
2023-03-25,0,35,1
2023-03-26,0,18,0
2023-03-27,0,38,1
2023-03-28,5,26,2
2023-03-29,1,38,1
2023-03-30,3,25,0
2023-03-31,6,47,2
2023-04-01,5,13,1
2023-04-02,0,28,0
2023-04-03,4,40,0
2023-04-04,4,26,0
2023-04-05,0,66,0
2023-04-06,1,41,0
2023-04-07,1,24,0
2023-04-08,0,23,0
2023-04-09,0,30,0
2023-04-10,5,26,3
2023-04-11,5,19,0
2023-04-12,10,27,2
2023-04-13,5,33,2
2023-04-14,3,25,2
2023-04-15,4,17,0
2023-04-16,1,32,1
2023-04-17,8,14,0
2023-04-18,1,36,1
2023-04-19,4,22,2
2023-04-20,2,27,0
2023-04-21,6,53,1
2023-04-22,2,40,2
2023-04-23,0,33,0
2023-04-24,1,41,0
2023-04-25,1,67,0
2023-04-26,3,30,4
2023-04-27,3,29,1
2023-04-28,0,24,1
2023-04-29,2,22,2
2023-04-30,0,17,0
2023-05-01,1,18,0
2023-05-02,4,36,0
2023-05-03,3,357,1
2023-05-04,2,145,0
2023-05-05,6,78,0
2023-05-06,1,49,0
2023-05-07,0,49,0
2023-05-08,3,51,1
2023-05-09,0,24,0
2023-05-10,1,50,1
2023-05-11,3,65,1
2023-05-12,3,68,2
2023-05-13,0,24,0
2023-05-14,0,20,2
2023-05-15,1,32,2
2023-05-16,2,26,0
2023-05-17,5,26,1
2023-05-18,3,26,2
2023-05-19,1,82,0
2023-05-20,0,31,1
2023-05-21,1,29,0
2023-05-22,1,51,5
2023-05-23,1,89,2
2023-05-24,3,36,0
2023-05-25,1,47,0
2023-05-26,3,45,0
2023-05-27,0,24,0
2023-05-28,0,28,2
2023-05-29,3,17,0
2023-05-30,3,66,0
2023-05-31,1,46,1
2023-06-01,1,38,0
2023-06-02,5,47,0
2023-06-03,3,33,0
2023-06-04,3,25,0
2023-06-05,1,43,0
2023-06-06,0,35,1
2023-06-07,2,49,0
2023-06-08,1,45,0
2023-06-09,2,33,0
2023-06-10,1,28,0
2023-06-11,0,14,0
2023-06-12,1,27,0
2023-06-13,8,28,1
2023-06-14,0,42,1
2023-06-15,2,30,0
2023-06-16,2,48,1
2023-06-17,5,49,0
2023-06-18,0,20,0
2023-06-19,3,23,2
2023-06-20,8,26,0
2023-06-21,5,32,1
2023-06-22,5,67,0
2023-06-23,0,83,0
2023-06-24,27,196,3
2023-06-25,5,34,4
2023-06-26,2,159,0
2023-06-27,4,112,0
2023-06-28,3,51,1
2023-06-29,2,43,2
2023-06-30,2,24,2
2023-07-01,0,14,1
2023-07-02,1,18,0
2023-07-03,2,21,0
2023-07-04,1,41,1
2023-07-05,8,28,0
2023-07-06,2,58,3
2023-07-07,2,42,1
2023-07-08,0,71,0
2023-07-09,0,29,0
2023-07-10,1,72,2
2023-07-11,4,33,0
2023-07-12,0,32,0
2023-07-13,12,26,1
2023-07-14,3,38,0
2023-07-15,0,19,0
2023-07-16,1,12,0
2023-07-17,4,97,0
2023-07-18,1,45,0
2023-07-19,6,41,0
2023-07-20,2,16,2
2023-07-21,11,46,2
2023-07-22,1,11,0
2023-07-23,0,11,1
2023-07-24,5,42,0
2023-07-25,1,36,0
2023-07-26,1,13,0
2023-07-27,2,19,1
2023-07-28,1,21,0
2023-07-29,0,21,1
2023-07-30,9,17,0
2023-07-31,6,30,2
2023-08-01,2,29,2
2023-08-02,3,42,1
2023-08-03,2,41,0
2023-08-04,2,27,1
2023-08-05,0,20,1
2023-08-06,0,20,2
2023-08-07,2,7,0
2023-08-08,2,22,0
2023-08-09,0,13,0
2023-08-10,5,13,1
2023-08-11,6,10,1
2023-08-12,1,5,1
2023-08-13,0,5,0
2023-08-14,0,12,1
2023-08-15,3,21,1
2023-08-16,6,14,0
2023-08-17,3,12,0
2023-08-18,6,10,0
2023-08-19,4,15,1
2023-08-20,0,20,0
2023-08-21,4,9,3
2023-08-22,2,24,1
2023-08-23,2,20,0
2023-08-24,1,28,2
2023-08-25,1,44,0
2023-08-26,0,20,1
2023-08-27,0,13,0
2023-08-28,0,27,0
2023-08-29,4,41,1
2023-08-30,0,29,2
2023-08-31,0,14,0
2023-09-01,2,28,0
2023-09-02,2,14,0
2023-09-03,1,32,0
2023-09-04,1,27,2
2023-09-05,1,33,6
2023-09-06,2,25,0
2023-09-07,3,19,0
2023-09-08,0,27,0
2023-09-09,0,11,0
2023-09-10,1,25,0
2023-09-11,4,55,0
2023-09-12,13,18,0
2023-09-13,8,29,0
2023-09-14,5,37,2
2023-09-15,4,22,0
2023-09-16,3,16,0
2023-09-17,2,3,1
2023-09-18,2,26,0
2023-09-19,2,45,0
2023-09-20,4,38,0
2023-09-21,3,32,0
2023-09-22,1,25,0
2023-09-23,1,28,1
2023-09-24,0,7,2
2023-09-25,1,16,0
2023-09-26,5,50,1
2023-09-27,0,29,0
2023-09-28,2,30,1
2023-09-29,0,35,0
2023-09-30,1,26,0
2023-10-01,4,24,0
2023-10-02,3,19,0
2023-10-03,5,19,0
2023-10-04,2,7,4
2023-10-05,0,20,1
2023-10-06,3,13,2
2023-10-07,0,18,0
2023-10-08,0,15,2
2023-10-09,0,17,0
2023-10-10,1,44,1
2023-10-11,3,14,2
2023-10-12,0,17,0
2023-10-13,1,15,3
2023-10-14,0,11,1
2023-10-15,0,21,1
2023-10-16,2,28,0
2023-10-17,0,23,1
2023-10-18,3,16,2
2023-10-19,7,14,1
2023-10-20,1,26,1
2023-10-21,1,13,2
2023-10-22,1,4,1
2023-10-23,0,29,0
2023-10-24,5,37,3
2023-10-25,2,39,0
2023-10-26,3,13,1
2023-10-27,1,21,0
2023-10-28,0,12,0
2023-10-29,3,12,3
2023-10-30,2,32,26
2023-10-31,4,27,1
2023-11-01,9,28,0
2023-11-02,1,20,1
2023-11-03,5,18,2
2023-11-04,1,35,0
2023-11-05,1,15,0
2023-11-06,2,10,0
2023-11-07,3,18,3
2023-11-08,1,29,0
2023-11-09,1,36,0
2023-11-10,2,25,1
2023-11-11,0,12,0
2023-11-12,2,14,1
2023-11-13,5,25,1
2023-11-14,2,9,0
2023-11-15,7,12,0
2023-11-16,3,28,0
2023-11-17,6,30,0
2023-11-18,0,11,1
2023-11-19,0,10,1
2023-11-20,4,21,1
2023-11-21,1,26,2
2023-11-22,1,17,1
2023-11-23,1,32,1
2023-11-24,3,20,0
2023-11-25,0,9,1
2023-11-26,0,14,0
2023-11-27,2,16,1
2023-11-28,2,22,2
2023-11-29,3,28,0
2023-11-30,1,13,2
2023-12-01,2,27,2
2023-12-02,0,5,1
2023-12-03,1,15,0
2023-12-04,5,19,3
2023-12-05,5,23,0
2023-12-06,5,26,0
2023-12-07,3,18,3
2023-12-08,2,53,0
2023-12-09,5,32,1
2023-12-10,0,25,0
2023-12-11,2,20,0
2023-12-12,2,16,0
2023-12-13,2,19,3
2023-12-14,0,20,0
2023-12-15,3,22,0
2023-12-16,1,12,2
2023-12-17,0,19,0
2023-12-18,2,23,0
2023-12-19,2,20,0
2023-12-20,5,17,0
2023-12-21,7,22,0
2023-12-22,13,26,1
2023-12-23,3,14,2
2023-12-24,2,23,0
2023-12-25,3,22,1
2023-12-26,1,32,2
2023-12-27,4,16,0
2023-12-28,4,19,0
2023-12-29,4,18,0
2023-12-30,0,36,2
2023-12-31,1,25,0
2024-01-01,1,6,0
2024-01-02,0,7,0
2024-01-03,1,21,1
2024-01-04,2,12,0
2024-01-05,0,10,1
2024-01-06,0,10,0
2024-01-07,0,9,1
2024-01-08,3,14,0
2024-01-09,5,25,1
2024-01-10,1,29,3
2024-01-11,1,34,0
2024-01-12,3,33,0
2024-01-13,1,14,1
2024-01-14,3,8,0
2024-01-15,0,37,0
2024-01-16,1,24,3
2024-01-17,2,23,5
2024-01-18,2,17,2
2024-01-19,0,17,1
2024-01-20,1,8,1
2024-01-21,1,15,2
2024-01-22,2,21,1
2024-01-23,1,21,0
2024-01-24,3,9,0
2024-01-25,2,35,0
2024-01-26,2,28,2
2024-01-27,0,8,3
2024-01-28,1,9,2
2024-01-29,2,14,2
2024-01-30,9,25,2
2024-01-31,0,14,1
2024-02-01,11,21,0
2024-02-02,5,22,1
2024-02-03,0,13,0
2024-02-04,0,12,2
2024-02-05,2,20,0
2024-02-06,3,23,4
2024-02-07,0,42,2
2024-02-08,4,32,1
2024-02-09,1,32,0
2024-02-10,2,16,1
2024-02-11,2,14,1
2024-02-12,0,19,0
2024-02-13,4,29,0
2024-02-14,1,35,2
2024-02-15,1,25,1
2024-02-16,1,37,5
2024-02-17,0,26,0
2024-02-18,0,37,0
2024-02-19,1,18,1
2024-02-20,1,30,0
2024-02-21,2,30,0
2024-02-22,2,70,5
2024-02-23,2,28,1
2024-02-24,3,21,0
2024-02-25,1,20,0
2024-02-26,1,23,2
2024-02-27,12,25,2
2024-02-28,2,26,3
2024-02-29,1,30,2
2024-03-01,2,33,2
2024-03-02,0,12,1
2024-03-03,3,19,0
2024-03-04,0,65,1
2024-03-05,2,19,1
2024-03-06,1,34,0
2024-03-07,0,32,1
2024-03-08,0,17,0
2024-03-09,0,7,0
2024-03-10,0,15,0
2024-03-11,0,18,2
2024-03-12,1,32,2
2024-03-13,1,18,2
2024-03-14,0,40,0
2024-03-15,0,37,2
2024-03-16,4,30,1
2024-03-17,7,20,0
2024-03-18,0,21,0
2024-03-19,4,20,1
2024-03-20,3,30,2
2024-03-21,1,20,1
2024-03-22,1,103,0
2024-03-23,0,45,1
2024-03-24,1,23,4
2024-03-25,2,44,3
2024-03-26,1,62,0
2024-03-27,1,27,0
2024-03-28,14,22,17
2024-03-29,0,19,2
2024-03-30,0,12,2
2024-03-31,1,13,0
2024-04-01,3,14,0
2024-04-02,1,29,2
2024-04-03,3,47,0
2024-04-04,0,33,0
2024-04-05,4,26,1
2024-04-06,2,31,1
2024-04-07,0,13,1
2024-04-08,1,15,0
2024-04-09,2,26,1
2024-04-10,3,20,0
2024-04-11,2,26,0
2024-04-12,0,21,1
2024-04-13,0,7,0
2024-04-14,1,13,0
2024-04-15,1,14,4
2024-04-16,3,47,3
2024-04-17,3,29,7
2024-04-18,1,15,1
2024-04-19,0,26,1
2024-04-20,2,18,4
2024-04-21,2,11,1
2024-04-22,5,20,1
2024-04-23,4,27,0
2024-04-24,1,30,6
2024-04-25,2,30,1
2024-04-26,3,31,0
2024-04-27,1,31,2
2024-04-28,0,24,5
2024-04-29,0,12,15
2024-04-30,1,14,4
2024-05-01,1,10,0
2024-05-02,3,20,3
2024-05-03,0,31,0
2024-05-04,0,13,6
2024-05-05,1,19,0
2024-05-06,1,45,2
2024-05-07,0,104,1
2024-05-08,0,35,1
2024-05-09,3,35,0
2024-05-10,1,13,2
2024-05-11,6,26,0
2024-05-12,4,118,0
2024-05-13,1,65,1
2024-05-14,7,82,0
2024-05-15,3,29,0
2024-05-16,4,21,1
2024-05-17,1,11,0
2024-05-18,1,14,0
2024-05-19,2,31,1
2024-05-20,1,38,0
2024-05-21,3,16,1
2024-05-22,0,14,0
2024-05-23,0,26,0
2024-05-24,5,29,0
2024-05-25,1,15,0
2024-05-26,0,19,3
2024-05-27,1,10,1
2024-05-28,1,22,0
2024-05-29,3,15,0
2024-05-30,1,22,0
2024-05-31,0,41,1
2024-06-01,0,24,0
2024-06-02,0,8,1
2024-06-03,6,26,0
2024-06-04,1,43,0
2024-06-05,2,31,1
2024-06-06,0,65,2
2024-06-07,0,24,0
2024-06-08,5,17,3
2024-06-09,0,16,0
2024-06-10,0,23,1
2024-06-11,0,28,0
2024-06-12,2,32,0
2024-06-13,2,19,0
2024-06-14,3,32,0
2024-06-15,2,30,0
2024-06-16,0,25,1
2024-06-17,1,35,2
2024-06-18,1,26,0
2024-06-19,1,13,0
2024-06-20,2,12,0
2024-06-21,9,34,0
2024-06-22,3,8,0
2024-06-23,2,16,1
2024-06-24,0,23,0
2024-06-25,0,33,2
2024-06-26,5,22,1
2024-06-27,15,34,0
2024-06-28,6,33,5
2024-06-29,2,8,3
2024-06-30,5,17,5
2024-07-01,3,23,3
2024-07-02,2,17,1
2024-07-03,3,21,0
2024-07-04,4,31,6
2024-07-05,5,58,2
2024-07-06,3,23,1
2024-07-07,0,13,0
2024-07-08,1,20,2
2024-07-09,2,30,3
2024-07-10,3,25,6
2024-07-11,9,25,4
2024-07-12,4,29,5
2024-07-13,2,13,4
2024-07-14,0,18,0
2024-07-15,2,11,5
2024-07-16,5,25,3
2024-07-17,1,23,4
2024-07-18,4,13,1
2024-07-19,7,17,7
2024-07-20,2,5,5
2024-07-21,1,12,0
2024-07-22,5,21,1
2024-07-23,0,18,3
2024-07-24,1,41,4
2024-07-25,4,29,2
2024-07-26,9,40,6
2024-07-27,3,14,3
2024-07-28,1,22,3
2024-07-29,7,22,6
2024-07-30,16,16,6
2024-07-31,11,28,3
2024-08-01,12,62,5
2024-08-02,9,47,5
2024-08-03,3,6,2
2024-08-04,1,14,4
2024-08-05,1,21,4
2024-08-06,2,11,4
2024-08-07,0,50,4
2024-08-08,4,32,3
2024-08-09,10,31,4
2024-08-10,1,6,0
2024-08-11,2,10,7
2024-08-12,2,16,5
2024-08-13,1,27,6
2024-08-14,1,14,2
2024-08-15,7,17,2
2024-08-16,8,28,2
2024-08-17,12,7,3
2024-08-18,0,6,1
2024-08-19,1,14,3
2024-08-20,2,13,8
2024-08-21,6,27,0
2024-08-22,4,14,1
2024-08-23,3,27,2
2024-08-24,11,9,7
2024-08-25,3,39,15
2024-08-26,1,25,10
2024-08-27,4,38,2
2024-08-28,1,19,3
2024-08-29,2,18,3
2024-08-30,9,29,1
2024-08-31,0,21,2
2024-09-01,0,24,0
2024-09-02,4,17,0
2024-09-03,2,23,0
2024-09-04,1,26,1
2024-09-05,17,30,0
2024-09-06,6,44,7
2024-09-07,5,22,2
2024-09-08,2,14,2
2024-09-09,2,17,2
2024-09-10,1,45,4
2024-09-11,1,24,5
2024-09-12,3,22,1
2024-09-13,2,30,0
2024-09-14,2,26,1
2024-09-15,1,29,7
2024-09-16,3,15,3
2024-09-17,4,41,2
2024-09-18,2,24,1
2024-09-19,4,34,1
2024-09-20,0,27,0
2024-09-21,1,9,7
2024-09-22,2,13,2
2024-09-23,2,21,1
2024-09-24,1,22,1
2024-09-25,0,70,2
2024-09-26,11,42,0
2024-09-27,8,31,2
2024-09-28,0,10,0
2024-09-29,0,16,1
2024-09-30,1,28,0
2024-10-01,5,24,3
2024-10-02,2,45,1
2024-10-03,3,21,2
2024-10-04,16,27,2
2024-10-05,1,10,3
2024-10-06,4,11,2
2024-10-07,8,15,1
2024-10-08,24,29,2
2024-10-09,20,41,8
2024-10-10,20,20,6
2024-10-11,2,20,1
2024-10-12,3,17,6
2024-10-13,7,14,3
2024-10-14,5,24,0
2024-10-15,8,18,2
2024-10-16,2,17,1
2024-10-17,2,12,2
2024-10-18,6,16,2
2024-10-19,1,8,1
2024-10-20,3,9,4
2024-10-21,5,37,2
2024-10-22,4,29,1
2024-10-23,4,24,0
2024-10-24,1,20,0
2024-10-25,3,44,3
2024-10-26,1,11,2
2024-10-27,1,7,1
2024-10-28,0,20,5
2024-10-29,5,19,5
2024-10-30,3,30,1
2024-10-31,9,25,3
2024-11-01,19,38,1
2024-11-02,10,16,3
2024-11-03,3,21,1
2024-11-04,5,34,1
2024-11-05,3,21,2
2024-11-06,5,38,0
2024-11-07,3,29,0
2024-11-08,0,26,0
2024-11-09,7,15,1
2024-11-10,2,26,0
2024-11-11,3,34,1
2024-11-12,2,26,1
2024-11-13,2,35,1
2024-11-14,4,51,0
2024-11-15,7,50,0
2024-11-16,2,26,1
2024-11-17,0,25,1
2024-11-18,0,41,1
2024-11-19,5,57,0
2024-11-20,1,45,1
2024-11-21,1,48,0
2024-11-22,1,59,1
2024-11-23,0,47,0
2024-11-24,3,44,0
2024-11-25,0,27,1
2024-11-26,0,44,0
2024-11-27,2,45,0
2024-11-28,0,25,0
2024-11-29,10,29,1
2024-11-30,1,26,1
2024-12-01,1,20,0
2024-12-02,0,25,0
2024-12-03,0,23,1
2024-12-04,1,28,0
2024-12-05,1,20,1
2024-12-06,4,24,4
2024-12-07,3,10,1
2024-12-08,2,45,0
2024-12-09,1,43,1
2024-12-10,7,21,0
2024-12-11,6,35,0
2024-12-12,3,78,2
2024-12-13,20,29,6
2024-12-14,1,39,1
2024-12-15,1,18,0
2024-12-16,3,19,0
2024-12-17,5,42,0
2024-12-18,1,28,1
2024-12-19,8,29,2
2024-12-20,13,28,2
2024-12-21,2,18,0
2024-12-22,4,35,0
2024-12-23,8,22,8
2024-12-24,3,30,5
2024-12-25,3,19,5
2024-12-26,17,11,1
2024-12-27,4,37,3
2024-12-28,6,38,10
2024-12-29,4,21,3
2024-12-30,3,31,1
2024-12-31,1,21,3
2025-01-01,2,7,0
2025-01-02,1,8,0
2025-01-03,2,11,1
2025-01-04,2,16,1
2025-01-05,0,16,1
2025-01-06,2,17,1
2025-01-07,3,24,0
2025-01-08,9,11,4
2025-01-09,1,19,4
2025-01-10,1,28,3
2025-01-11,5,19,3
2025-01-12,1,10,1
2025-01-13,0,19,0
2025-01-14,10,38,1
2025-01-15,9,13,1
2025-01-16,3,22,1
2025-01-17,1,29,2
2025-01-18,2,11,2
2025-01-19,2,12,0
2025-01-20,1,22,0
2025-01-21,7,23,1
2025-01-22,1,12,5
2025-01-23,2,34,2
2025-01-24,1,45,3
2025-01-25,1,13,1
2025-01-26,1,18,0
2025-01-27,4,14,1
2025-01-28,2,30,1
2025-01-29,2,20,0
2025-01-30,3,24,2
2025-01-31,1,27,0
2025-02-01,2,16,1
2025-02-02,1,11,0
2025-02-03,1,19,0
2025-02-04,1,17,0
2025-02-05,0,40,0
2025-02-06,4,26,0
2025-02-07,0,29,1
2025-02-08,2,13,0
2025-02-09,2,29,0
2025-02-10,5,22,1
2025-02-11,2,35,2
2025-02-12,1,97,0
2025-02-13,2,64,0
2025-02-14,1,33,0
2025-02-15,0,22,1
2025-02-16,1,35,0
2025-02-17,3,33,1
2025-02-18,0,29,3
2025-02-19,2,35,0
2025-02-20,0,18,1
2025-02-21,3,32,1
2025-02-22,1,27,1
2025-02-23,1,37,1
2025-02-24,2,15,3
2025-02-25,1,31,0
2025-02-26,2,16,1
2025-02-27,0,21,2
2025-02-28,0,27,1
2025-03-01,5,18,0
2025-03-02,1,18,0
2025-03-03,3,17,1
2025-03-04,1,41,1
2025-03-05,2,25,0
2025-03-06,2,19,3
2025-03-07,0,15,1
2025-03-08,0,13,7
2025-03-09,2,13,0
2025-03-10,1,20,2
2025-03-11,1,27,1
2025-03-12,0,46,0
2025-03-13,2,80,1
2025-03-14,1,55,0
2025-03-15,2,33,0
2025-03-16,1,24,0
2025-03-17,0,27,1
2025-03-18,1,127,2
2025-03-19,1,55,1
2025-03-20,4,29,2
2025-03-21,5,41,1
2025-03-22,2,13,1
2025-03-23,3,17,3
2025-03-24,1,43,2
2025-03-25,5,65,0
2025-03-26,1,42,2
2025-03-27,4,22,0
2025-03-28,1,44,1
2025-03-29,3,18,0
2025-03-30,1,10,0
2025-03-31,0,27,0
2025-04-01,1,44,0
2025-04-02,1,22,0
2025-04-03,3,16,2
2025-04-04,8,19,0
2025-04-05,1,8,0
2025-04-06,1,10,0
2025-04-07,8,21,6
2025-04-08,7,19,1
2025-04-09,11,14,1
2025-04-10,5,19,0
2025-04-11,7,48,0
2025-04-12,3,17,0
2025-04-13,5,16,0
2025-04-14,0,26,1
2025-04-15,6,27,0
2025-04-16,3,25,0
2025-04-17,3,33,2
2025-04-18,0,17,0
2025-04-19,0,41,0
2025-04-20,1,31,0
2025-04-21,0,18,0
2025-04-22,3,37,5
2025-04-23,1,58,0
2025-04-24,1,20,0
2025-04-25,1,56,1
2025-04-26,1,41,0
2025-04-27,0,28,0
2025-04-28,2,57,2
2025-04-29,1,84,0
2025-04-30,0,57,0
2025-05-01,0,24,1
2025-05-02,2,18,1
2025-05-03,0,32,0
2025-05-04,0,48,0
2025-05-05,0,19,1
2025-05-06,1,36,0
2025-05-07,2,57,0
2025-05-08,1,65,1
2025-05-09,1,50,0
2025-05-10,1,134,2
2025-05-11,2,49,0
2025-05-12,0,44,1
2025-05-13,4,37,0
2025-05-14,3,60,0
2025-05-15,1,82,1
2025-05-16,2,34,0
2025-05-17,0,53,0
2025-05-18,0,14,1
2025-05-19,1,64,0
2025-05-20,8,53,2
2025-05-21,3,51,2
2025-05-22,3,59,0
2025-05-23,0,19,2
2025-05-24,5,18,0
2025-05-25,1,30,0
2025-05-26,3,48,0
2025-05-27,2,43,2
2025-05-28,0,55,0
2025-05-29,1,31,0
2025-05-30,4,38,1
2025-05-31,2,20,0
2025-06-01,5,27,0
2025-06-02,4,16,1
2025-06-03,5,37,0
2025-06-04,11,32,0
2025-06-05,9,26,2
2025-06-06,4,18,1
2025-06-07,1,13,0
2025-06-08,1,24,0
2025-06-09,1,37,1
2025-06-10,6,17,0
2025-06-11,0,21,3
2025-06-12,0,30,2
2025-06-13,0,28,0
2025-06-14,2,14,0
2025-06-15,3,11,3
2025-06-16,0,16,1
2025-06-17,0,33,1
2025-06-18,2,30,1
2025-06-19,4,32,1
2025-06-20,0,27,0
2025-06-21,4,19,0
2025-06-22,0,32,0
2025-06-23,0,43,0
2025-06-24,1,22,5
2025-06-25,1,21,2
2025-06-26,1,25,4
2025-06-27,3,20,3
2025-06-28,2,17,1
2025-06-29,4,29,1
2025-06-30,5,25,0
2025-07-01,9,33,1
2025-07-02,6,53,0
2025-07-03,2,21,0
2025-07-04,2,17,0
2025-07-05,1,14,0
2025-07-06,1,13,0
2025-07-07,1,26,0
2025-07-08,1,38,2
2025-07-09,5,13,2
2025-07-10,6,12,2
2025-07-11,0,26,0
2025-07-12,1,11,2
2025-07-13,0,13,1
2025-07-14,2,17,1
2025-07-15,4,33,1
2025-07-16,11,27,2
2025-07-17,9,27,6
2025-07-18,12,33,3
2025-07-19,7,22,1
2025-07-20,3,21,3
2025-07-21,2,26,0
2025-07-22,27,29,6
2025-07-23,5,29,1
2025-07-24,2,22,1
2025-07-25,4,21,1
2025-07-26,1,28,1
2025-07-27,8,15,5
2025-07-28,7,34,3
2025-07-29,2,30,4
2025-07-30,14,16,3
2025-07-31,1,50,3
2025-08-01,3,59,0
2025-08-02,1,40,1
2025-08-03,3,19,0
2025-08-04,0,44,1
2025-08-05,1,44,0
2025-08-06,3,58,4
2025-08-07,6,39,1
2025-08-08,3,27,0
2025-08-09,3,36,2
2025-08-10,5,25,0
2025-08-11,5,20,3
2025-08-12,2,20,4
2025-08-13,21,15,11
2025-08-14,11,41,8
2025-08-15,2,84,2
2025-08-16,2,46,4
2025-08-17,1,7,1
2025-08-18,1,13,4
2025-08-19,4,20,2
2025-08-20,8,30,7
2025-08-21,2,22,2
2025-08-22,6,23,1
2025-08-23,1,15,5
2025-08-24,1,16,1
2025-08-25,0,17,5
2025-08-26,11,5,0
2025-08-27,3,21,0
2025-08-28,4,33,3
2025-08-29,2,40,1
2025-08-30,0,23,1
2025-08-31,0,32,1
2025-09-01,0,23,3
2025-09-02,0,23,5
2025-09-03,1,35,2
2025-09-04,2,26,1
2025-09-05,9,72,4
2025-09-06,3,29,1
2025-09-07,2,17,0
2025-09-08,2,29,2
2025-09-09,2,19,6
2025-09-10,2,28,2
2025-09-11,0,18,2
2025-09-12,1,19,0
2025-09-13,1,13,1
2025-09-14,5,32,0
2025-09-15,1,33,1
2025-09-16,4,19,0
2025-09-17,9,31,4
2025-09-18,2,28,1
2025-09-19,4,23,3
2025-09-20,2,15,1
2025-09-21,2,15,1
2025-09-22,0,46,2
2025-09-23,5,18,1
2025-09-24,1,70,1
2025-09-25,0,45,3
2025-09-26,1,33,0
2025-09-27,0,14,0
2025-09-28,0,28,2
2025-09-29,2,39,1
2025-09-30,1,38,3
2025-10-01,1,23,1
2025-10-02,1,38,1
2025-10-03,2,13,2
2025-10-04,1,12,0
2025-10-05,1,13,0
2025-10-06,1,24,2
2025-10-07,3,33,2
2025-10-08,2,22,1
2025-10-09,3,41,1
2025-10-10,1,32,0
2025-10-11,1,19,0
2025-10-12,0,27,0
2025-10-13,0,39,2
2025-10-14,2,29,3
2025-10-15,2,39,0
2025-10-16,8,40,1
2025-10-17,1,38,2
2025-10-18,1,26,3
2025-10-19,4,10,2
2025-10-20,3,25,2
2025-10-21,1,25,0
2025-10-22,11,29,2
2025-10-23,2,55,3
2025-10-24,2,40,3
2025-10-25,1,16,3
2025-10-26,1,38,1
2025-10-27,1,24,1
2025-10-28,4,30,3
2025-10-29,4,18,6
2025-10-30,10,29,16
2025-10-31,4,16,6
2025-11-01,2,21,1
2025-11-02,5,20,1
2025-11-03,3,36,0
2025-11-04,2,54,0
2025-11-05,13,55,0
2025-11-06,0,30,2
2025-11-07,1,33,0
2025-11-08,1,16,1
2025-11-09,4,18,0
2025-11-10,13,20,0
2025-11-11,5,23,3
2025-11-12,3,52,2
2025-11-13,2,42,2
2025-11-14,11,35,11
2025-11-15,1,15,1
2025-11-16,2,6,3
2025-11-17,0,32,1
2025-11-18,0,35,4
2025-11-19,7,51,0
2025-11-20,3,48,2
2025-11-21,2,67,2
2025-11-22,2,27,1
2025-11-23,2,17,3
2025-11-24,5,35,1
2025-11-25,10,39,3
2025-11-26,3,41,3
2025-11-27,1,36,1
2025-11-28,7,82,3
2025-11-29,3,16,0
2025-11-30,5,18,4
2025-12-01,2,51,4
2025-12-02,0,109,0
2025-12-03,7,69,1
2025-12-04,13,62,1
2025-12-05,16,49,0
2025-12-06,2,17,6
2025-12-07,0,31,5
2025-12-08,3,37,1
2025-12-09,2,41,2
2025-12-10,2,42,2
2025-12-11,1,47,1
2025-12-12,2,43,4
2025-12-13,2,11,1
2025-12-14,2,18,2
2025-12-15,1,19,2
2025-12-16,3,33,4
2025-12-17,6,34,2
2025-12-18,9,30,3
2025-12-19,4,108,1
2025-12-20,1,9,2
2025-12-21,0,52,0
2025-12-22,12,43,5
2025-12-23,10,24,7
2025-12-24,4,51,1
2025-12-25,4,53,0
2025-12-26,3,30,2
2025-12-27,1,31,1
2025-12-28,3,19,3
2025-12-29,1,40,3
2025-12-30,4,38,2
2025-12-31,1,18,1
2026-01-01,1,18,0
2026-01-02,2,19,0
2026-01-03,1,16,3
2026-01-04,0,13,0
2026-01-05,8,15,1
2026-01-06,3,19,0
2026-01-07,4,29,4
2026-01-08,0,21,2
2026-01-09,0,20,2
2026-01-10,0,22,5
2026-01-11,2,9,2
2026-01-12,6,14,8
2026-01-13,6,10,1
2026-01-14,0,16,2
2026-01-15,3,31,1
2026-01-16,15,22,4
2026-01-17,0,13,4
2026-01-18,1,15,1
2026-01-19,9,36,3
2026-01-20,3,10,1
2026-01-21,10,42,8
2026-01-22,4,62,7
2026-01-23,3,58,0
2026-01-24,6,12,1
2026-01-25,2,32,4
2026-01-26,6,35,5
2026-01-27,5,21,12
2026-01-28,5,42,6
2026-01-29,2,45,0
2026-01-30,1,68,5
2026-01-31,6,18,1
2026-02-01,0,47,1
2026-02-02,1,51,0
2026-02-03,2,33,1
2026-02-04,3,46,6
2026-02-05,3,39,2
2026-02-06,2,36,3
2026-02-07,0,13,1
2026-02-08,1,12,0
2026-02-09,1,12,4
2026-02-10,115,33,77
2026-02-11,68,80,68
2026-02-12,24,36,28
2026-02-13,20,58,23
2026-02-14,7,11,5
2026-02-15,19,25,13
2026-02-16,16,33,12
2026-02-17,40,34,26
2026-02-18,70,38,21
2026-02-19,27,53,21
2026-02-20,20,43,7
2026-02-21,8,13,9
2026-02-22,1,16,4
2026-02-23,2,32,11
2026-02-24,21,54,20
2026-02-25,13,26,12
2026-02-26,19,42,23
2026-02-27,16,20,10
2026-02-28,5,25,10
2026-03-01,2,26,5
2026-03-02,3,38,8
2026-03-03,6,13,5
2026-03-04,2,21,5
2026-03-05,6,26,2
2026-03-06,14,29,5
2026-03-07,1,9,3
2026-03-08,2,16,0
2026-03-09,22,18,2
2026-03-10,53,28,2
2026-03-11,51,74,7
2026-03-12,64,15,13
2026-03-13,16,21,7
2026-03-14,6,8,3
2026-03-15,3,22,1
2026-03-16,12,18,16
2026-03-17,17,34,19
2026-03-18,56,60,11
2026-03-19,21,37,11
2026-03-20,10,31,12
2026-03-21,16,10,10
2026-03-22,4,11,6
2026-03-23,6,21,15
2026-03-24,2,9,9
2026-03-25,14,27,13
2026-03-26,11,26,4
2026-03-27,3,51,4
2026-03-28,7,10,9
2026-03-29,3,12,12
2026-03-30,40,19,14
2026-03-31,39,37,26
2026-04-01,15,26,8
2026-04-02,23,32,7
2026-04-03,26,26,5
2026-04-04,34,7,13
2026-04-05,10,10,9
2026-04-06,16,18,7
2026-04-07,13,15,7
2026-04-08,15,32,6
2026-04-09,4,45,7
2026-04-10,12,30,10
2026-04-11,2,13,4
2026-04-12,5,29,2
2026-04-13,6,32,5
2026-04-14,8,27,9
2026-04-15,4,26,12
2026-04-16,13,43,6
2026-04-17,8,18,8
2026-04-18,2,11,4
2026-04-19,3,15,3
2026-04-20,7,16,5
2026-04-21,4,20,6
2026-04-22,10,34,5
2026-04-23,17,37,3
2026-04-24,15,3,0
