date,posts_count
2015-12-31,1
2016-07-20,1
2016-07-21,2
2016-07-30,1
2016-08-15,1
2016-11-13,1
2016-11-15,4
2016-11-16,1
2016-11-17,3
2016-11-20,2
2016-11-21,1
2016-11-22,2
2016-11-23,6
2016-11-24,2
2016-11-25,1
2016-11-26,1
2016-11-27,1
2016-11-28,1
2016-11-29,2
2016-11-30,7
2016-12-01,2
2016-12-04,2
2016-12-05,3
2016-12-06,1
2016-12-08,1
2016-12-09,2
2016-12-11,1
2016-12-12,6
2016-12-13,1
2016-12-14,4
2016-12-15,1
2016-12-16,1
2016-12-17,3
2016-12-19,1
2016-12-21,3
2016-12-22,2
2016-12-23,2
2016-12-25,1
2016-12-27,1
2016-12-28,1
2016-12-29,5
2016-12-30,2
2017-01-04,1
2017-01-05,3
2017-01-06,3
2017-01-07,1
2017-01-10,2
2017-01-11,2
2017-01-12,6
2017-01-13,5
2017-01-14,7
2017-01-15,2
2017-01-16,4
2017-01-17,5
2017-01-18,5
2017-01-19,1
2017-01-20,5
2017-01-21,1
2017-01-22,1
2017-01-24,2
2017-01-25,4
2017-01-26,7
2017-01-27,5
2017-01-28,2
2017-01-29,6
2017-01-30,1
2017-01-31,1
2017-02-02,1
2017-02-05,5
2017-02-06,4
2017-02-07,5
2017-02-08,2
2017-02-09,8
2017-02-10,2
2017-02-11,2
2017-02-13,1
2017-02-14,3
2017-02-15,3
2017-02-16,2
2017-02-17,2
2017-02-18,5
2017-02-19,2
2017-02-21,3
2017-02-22,8
2017-02-25,1
2017-02-26,1
2017-02-28,3
2017-03-01,2
2017-03-02,5
2017-03-03,1
2017-03-04,3
2017-03-05,2
2017-03-06,1
2017-03-07,1
2017-03-08,2
2017-03-09,6
2017-03-10,4
2017-03-12,2
2017-03-13,2
2017-03-14,3
2017-03-15,2
2017-03-16,4
2017-03-17,6
2017-03-18,3
2017-03-19,4
2017-03-20,2
2017-03-21,2
2017-03-23,4
2017-03-24,3
2017-03-25,3
2017-03-26,2
2017-03-27,5
2017-03-28,4
2017-03-29,4
2017-03-30,1
2017-03-31,5
2017-04-01,4
2017-04-02,3
2017-04-03,7
2017-04-04,3
2017-04-05,4
2017-04-06,2
2017-04-07,6
2017-04-08,3
2017-04-09,3
2017-04-10,1
2017-04-11,1
2017-04-12,4
2017-04-15,4
2017-04-16,2
2017-04-17,3
2017-04-18,2
2017-04-19,1
2017-04-20,4
2017-04-21,2
2017-04-22,5
2017-04-23,2
2017-04-24,2
2017-04-25,1
2017-04-26,1
2017-04-27,2
2017-04-28,3
2017-04-29,2
2017-04-30,1
2017-05-02,1
2017-05-03,2
2017-05-04,2
2017-05-05,4
2017-05-06,3
2017-05-07,3
2017-05-08,7
2017-05-09,3
2017-05-10,5
2017-05-11,1
2017-05-12,1
2017-05-13,4
2017-05-14,2
2017-05-15,4
2017-05-16,3
2017-05-17,2
2017-05-18,1
2017-05-19,1
2017-05-20,1
2017-05-21,1
2017-05-22,2
2017-05-23,5
2017-05-24,4
2017-05-25,2
2017-05-26,3
2017-05-27,2
2017-05-28,2
2017-05-29,3
2017-05-30,1
2017-05-31,3
2017-06-01,4
2017-06-02,2
2017-06-03,4
2017-06-06,1
2017-06-07,3
2017-06-08,4
2017-06-09,5
2017-06-10,1
2017-06-11,1
2017-06-12,2
2017-06-13,4
2017-06-14,5
2017-06-15,17
2017-06-16,2
2017-06-17,4
2017-06-19,3
2017-06-20,4
2017-06-21,7
2017-06-22,5
2017-06-23,4
2017-06-24,2
2017-06-25,5
2017-06-26,1
2017-06-27,2
2017-06-28,1
2017-06-29,6
2017-06-30,1
2017-07-01,1
2017-07-03,3
2017-07-04,2
2017-07-05,1
2017-07-06,8
2017-07-07,5
2017-07-08,4
2017-07-09,1
2017-07-10,4
2017-07-11,2
2017-07-12,2
2017-07-13,1
2017-07-14,5
2017-07-16,1
2017-07-17,3
2017-07-18,2
2017-07-19,5
2017-07-20,16
2017-07-21,6
2017-07-22,1
2017-07-23,1
2017-07-25,3
2017-07-26,3
2017-07-28,2
2017-07-29,2
2017-07-30,2
2017-07-31,2
2017-08-01,1
2017-08-02,4
2017-08-04,4
2017-08-06,4
2017-08-07,1
2017-08-08,4
2017-08-09,2
2017-08-10,2
2017-08-11,1
2017-08-13,3
2017-08-14,6
2017-08-15,3
2017-08-16,3
2017-08-17,4
2017-08-18,1
2017-08-19,4
2017-08-20,2
2017-08-21,4
2017-08-22,5
2017-08-24,4
2017-08-25,2
2017-08-26,1
2017-08-27,2
2017-08-28,7
2017-08-29,5
2017-08-30,1
2017-08-31,4
2017-09-01,8
2017-09-02,6
2017-09-03,2
2017-09-04,4
2017-09-05,13
2017-09-06,4
2017-09-07,6
2017-09-08,8
2017-09-09,3
2017-09-10,4
2017-09-11,8
2017-09-12,5
2017-09-13,6
2017-09-14,4
2017-09-15,6
2017-09-16,5
2017-09-17,5
2017-09-18,7
2017-09-19,11
2017-09-20,6
2017-09-21,14
2017-09-22,6
2017-09-23,9
2017-09-24,10
2017-09-25,6
2017-09-26,11
2017-09-27,11
2017-09-28,9
2017-09-29,9
2017-09-30,6
2017-10-01,1
2017-10-02,2
2017-10-03,21
2017-10-04,10
2017-10-05,9
2017-10-06,4
2017-10-07,8
2017-10-08,6
2017-10-09,6
2017-10-10,11
2017-10-11,11
2017-10-12,6
2017-10-13,3
2017-10-14,5
2017-10-15,6
2017-10-16,17
2017-10-17,9
2017-10-18,19
2017-10-19,45
2017-10-20,12
2017-10-21,10
2017-10-22,8
2017-10-23,7
2017-10-24,17
2017-10-25,17
2017-10-26,21
2017-10-27,14
2017-10-28,5
2017-10-29,8
2017-10-30,19
2017-10-31,16
2017-11-01,8
2017-11-02,20
2017-11-03,15
2017-11-04,5
2017-11-05,7
2017-11-06,4
2017-11-07,14
2017-11-08,9
2017-11-09,10
2017-11-10,9
2017-11-11,6
2017-11-12,10
2017-11-13,4
2017-11-14,8
2017-11-15,15
2017-11-16,9
2017-11-17,8
2017-11-18,4
2017-11-19,3
2017-11-20,9
2017-11-21,16
2017-11-22,11
2017-11-23,7
2017-11-24,8
2017-11-25,5
2017-11-26,3
2017-11-27,5
2017-11-28,13
2017-11-29,17
2017-11-30,6
2017-12-01,11
2017-12-02,10
2017-12-03,5
2017-12-04,13
2017-12-05,21
2017-12-06,25
2017-12-07,17
2017-12-08,8
2017-12-09,7
2017-12-10,5
2017-12-11,34
2017-12-12,15
2017-12-13,7
2017-12-14,30
2017-12-15,9
2017-12-16,10
2017-12-17,10
2017-12-18,8
2017-12-19,13
2017-12-20,11
2017-12-21,8
2017-12-22,16
2017-12-23,12
2017-12-24,9
2017-12-25,18
2017-12-26,15
2017-12-27,22
2017-12-28,14
2017-12-29,7
2017-12-30,7
2017-12-31,4
2018-01-01,8
2018-01-02,4
2018-01-03,2
2018-01-04,5
2018-01-05,3
2018-01-06,10
2018-01-07,7
2018-01-08,7
2018-01-09,6
2018-01-10,13
2018-01-11,18
2018-01-12,8
2018-01-13,9
2018-01-14,7
2018-01-15,22
2018-01-16,10
2018-01-17,11
2018-01-18,10
2018-01-19,12
2018-01-20,10
2018-01-21,6
2018-01-22,13
2018-01-23,17
2018-01-24,9
2018-01-25,15
2018-01-26,4
2018-01-27,6
2018-01-28,10
2018-01-29,13
2018-01-30,19
2018-01-31,12
2018-02-01,12
2018-02-02,10
2018-02-03,5
2018-02-04,4
2018-02-05,6
2018-02-06,14
2018-02-07,8
2018-02-08,5
2018-02-09,6
2018-02-10,5
2018-02-11,8
2018-02-12,5
2018-02-13,15
2018-02-14,11
2018-02-15,4
2018-02-16,13
2018-02-17,23
2018-02-18,5
2018-02-19,7
2018-02-20,10
2018-02-21,10
2018-02-22,12
2018-02-23,9
2018-02-24,4
2018-02-25,5
2018-02-26,4
2018-02-27,13
2018-02-28,20
2018-03-01,43
2018-03-02,22
2018-03-03,9
2018-03-04,11
2018-03-05,13
2018-03-06,14
2018-03-07,15
2018-03-08,7
2018-03-09,20
2018-03-10,16
2018-03-11,18
2018-03-12,17
2018-03-13,13
2018-03-14,19
2018-03-15,20
2018-03-16,18
2018-03-17,12
2018-03-18,37
2018-03-19,26
2018-03-20,15
2018-03-21,22
2018-03-22,17
2018-03-23,16
2018-03-24,13
2018-03-25,13
2018-03-26,18
2018-03-27,38
2018-03-28,13
2018-03-29,14
2018-03-30,14
2018-03-31,13
2018-04-01,13
2018-04-02,8
2018-04-03,19
2018-04-04,9
2018-04-05,11
2018-04-06,17
2018-04-07,4
2018-04-08,7
2018-04-09,7
2018-04-10,12
2018-04-11,12
2018-04-12,18
2018-04-13,10
2018-04-14,17
2018-04-15,5
2018-04-16,9
2018-04-17,5
2018-04-18,7
2018-04-19,7
2018-04-20,5
2018-04-21,9
2018-04-22,7
2018-04-23,3
2018-04-24,16
2018-04-25,9
2018-04-26,7
2018-04-27,12
2018-04-28,4
2018-04-29,7
2018-04-30,6
2018-05-01,5
2018-05-02,2
2018-05-03,7
2018-05-04,5
2018-05-05,5
2018-05-06,6
2018-05-07,39
2018-05-08,20
2018-05-09,7
2018-05-10,8
2018-05-11,7
2018-05-12,3
2018-05-13,3
2018-05-14,10
2018-05-15,23
2018-05-16,16
2018-05-17,18
2018-05-18,15
2018-05-19,2
2018-05-20,12
2018-05-21,4
2018-05-22,9
2018-05-23,6
2018-05-24,4
2018-05-25,9
2018-05-26,2
2018-05-27,6
2018-05-28,8
2018-05-29,8
2018-05-30,11
2018-05-31,7
2018-06-01,3
2018-06-02,3
2018-06-03,4
2018-06-04,8
2018-06-05,5
2018-06-06,9
2018-06-07,18
2018-06-08,15
2018-06-09,7
2018-06-10,3
2018-06-11,7
2018-06-12,7
2018-06-13,8
2018-06-14,12
2018-06-15,7
2018-06-16,5
2018-06-17,3
2018-06-18,6
2018-06-19,2
2018-06-20,5
2018-06-21,3
2018-06-22,6
2018-06-23,10
2018-06-24,4
2018-06-25,5
2018-06-26,2
2018-06-27,6
2018-06-28,7
2018-06-29,5
2018-06-30,4
2018-07-01,4
2018-07-02,13
2018-07-03,5
2018-07-04,6
2018-07-05,4
2018-07-06,8
2018-07-07,6
2018-07-08,4
2018-07-09,7
2018-07-10,10
2018-07-11,3
2018-07-12,5
2018-07-13,6
2018-07-14,7
2018-07-15,13
2018-07-16,21
2018-07-17,13
2018-07-18,8
2018-07-19,13
2018-07-20,18
2018-07-21,4
2018-07-22,5
2018-07-23,11
2018-07-24,10
2018-07-25,6
2018-07-26,5
2018-07-27,5
2018-07-28,4
2018-07-29,5
2018-07-30,2
2018-07-31,5
2018-08-01,9
2018-08-02,3
2018-08-03,9
2018-08-04,5
2018-08-05,4
2018-08-06,8
2018-08-07,8
2018-08-08,3
2018-08-09,7
2018-08-10,7
2018-08-11,3
2018-08-12,2
2018-08-13,2
2018-08-14,7
2018-08-15,10
2018-08-16,3
2018-08-17,8
2018-08-18,8
2018-08-19,10
2018-08-20,4
2018-08-21,10
2018-08-22,7
2018-08-23,14
2018-08-24,12
2018-08-25,5
2018-08-26,6
2018-08-27,5
2018-08-28,17
2018-08-29,14
2018-08-30,11
2018-08-31,26
2018-09-01,5
2018-09-02,10
2018-09-03,12
2018-09-04,6
2018-09-05,13
2018-09-06,11
2018-09-07,6
2018-09-08,11
2018-09-09,8
2018-09-10,9
2018-09-11,16
2018-09-12,23
2018-09-13,10
2018-09-14,3
2018-09-15,11
2018-09-16,4
2018-09-17,18
2018-09-18,19
2018-09-19,23
2018-09-20,16
2018-09-21,7
2018-09-22,3
2018-09-23,4
2018-09-24,25
2018-09-25,11
2018-09-26,13
2018-09-27,9
2018-09-28,4
2018-09-29,5
2018-09-30,5
2018-10-01,4
2018-10-02,13
2018-10-03,27
2018-10-04,12
2018-10-05,9
2018-10-06,10
2018-10-07,16
2018-10-08,17
2018-10-09,13
2018-10-10,9
2018-10-11,7
2018-10-12,10
2018-10-13,8
2018-10-14,5
2018-10-15,10
2018-10-16,7
2018-10-17,11
2018-10-18,18
2018-10-19,15
2018-10-20,9
2018-10-21,7
2018-10-22,23
2018-10-23,11
2018-10-24,10
2018-10-25,14
2018-10-26,14
2018-10-27,9
2018-10-28,6
2018-10-29,10
2018-10-30,6
2018-10-31,10
2018-11-01,4
2018-11-02,14
2018-11-03,7
2018-11-04,8
2018-11-05,12
2018-11-06,18
2018-11-07,14
2018-11-08,3
2018-11-09,14
2018-11-10,9
2018-11-11,19
2018-11-12,8
2018-11-13,6
2018-11-14,7
2018-11-15,8
2018-11-16,9
2018-11-17,7
2018-11-18,4
2018-11-19,11
2018-11-20,11
2018-11-21,8
2018-11-22,12
2018-11-23,2
2018-11-24,4
2018-11-25,25
2018-11-26,45
2018-11-27,17
2018-11-28,15
2018-11-29,25
2018-11-30,15
2018-12-01,6
2018-12-02,14
2018-12-03,11
2018-12-04,16
2018-12-05,17
2018-12-06,14
2018-12-07,6
2018-12-08,10
2018-12-09,7
2018-12-10,7
2018-12-11,10
2018-12-12,17
2018-12-13,16
2018-12-14,14
2018-12-15,6
2018-12-16,3
2018-12-17,17
2018-12-18,14
2018-12-19,15
2018-12-20,59
2018-12-21,25
2018-12-22,10
2018-12-23,7
2018-12-24,12
2018-12-25,13
2018-12-26,20
2018-12-27,7
2018-12-28,13
2018-12-29,2
2018-12-30,8
2018-12-31,29
2019-01-01,7
2019-01-02,4
2019-01-03,7
2019-01-04,5
2019-01-05,6
2019-01-06,5
2019-01-07,6
2019-01-08,8
2019-01-09,10
2019-01-10,5
2019-01-11,10
2019-01-12,5
2019-01-13,1
2019-01-14,12
2019-01-15,8
2019-01-16,20
2019-01-17,15
2019-01-18,9
2019-01-19,5
2019-01-20,2
2019-01-21,7
2019-01-22,17
2019-01-23,22
2019-01-24,12
2019-01-25,16
2019-01-26,7
2019-01-27,11
2019-01-28,6
2019-01-29,8
2019-01-30,9
2019-01-31,6
2019-02-01,3
2019-02-02,16
2019-02-03,11
2019-02-04,11
2019-02-05,10
2019-02-06,14
2019-02-07,8
2019-02-08,7
2019-02-09,3
2019-02-10,8
2019-02-11,15
2019-02-12,10
2019-02-13,11
2019-02-14,7
2019-02-15,14
2019-02-16,5
2019-02-17,5
2019-02-18,11
2019-02-19,12
2019-02-20,60
2019-02-21,17
2019-02-22,7
2019-02-23,7
2019-02-24,5
2019-02-25,10
2019-02-26,11
2019-02-27,8
2019-02-28,26
2019-03-01,12
2019-03-02,8
2019-03-03,5
2019-03-04,12
2019-03-05,16
2019-03-06,20
2019-03-07,9
2019-03-08,5
2019-03-09,5
2019-03-10,5
2019-03-11,16
2019-03-12,3
2019-03-13,10
2019-03-14,10
2019-03-15,6
2019-03-16,2
2019-03-17,8
2019-03-18,20
2019-03-19,32
2019-03-20,17
2019-03-21,16
2019-03-22,15
2019-03-23,3
2019-03-24,12
2019-03-25,18
2019-03-26,13
2019-03-27,16
2019-03-28,18
2019-03-29,6
2019-03-30,13
2019-03-31,10
2019-04-01,15
2019-04-02,18
2019-04-03,16
2019-04-04,10
2019-04-05,10
2019-04-06,6
2019-04-07,7
2019-04-08,18
2019-04-09,12
2019-04-10,8
2019-04-11,34
2019-04-12,9
2019-04-13,13
2019-04-14,11
2019-04-15,13
2019-04-16,9
2019-04-17,17
2019-04-18,18
2019-04-19,13
2019-04-20,15
2019-04-21,23
2019-04-22,13
2019-04-23,15
2019-04-24,41
2019-04-25,32
2019-04-26,7
2019-04-27,10
2019-04-28,7
2019-04-29,10
2019-04-30,18
2019-05-01,14
2019-05-02,6
2019-05-03,8
2019-05-04,6
2019-05-05,6
2019-05-06,7
2019-05-07,10
2019-05-08,11
2019-05-09,13
2019-05-10,4
2019-05-11,6
2019-05-12,7
2019-05-13,12
2019-05-14,25
2019-05-15,10
2019-05-16,13
2019-05-17,10
2019-05-18,1
2019-05-19,8
2019-05-20,17
2019-05-21,16
2019-05-22,13
2019-05-23,14
2019-05-24,10
2019-05-25,12
2019-05-26,6
2019-05-27,10
2019-05-28,17
2019-05-29,6
2019-05-30,7
2019-05-31,20
2019-06-01,3
2019-06-02,11
2019-06-03,6
2019-06-04,8
2019-06-05,6
2019-06-06,4
2019-06-07,11
2019-06-08,3
2019-06-09,9
2019-06-10,10
2019-06-11,21
2019-06-12,14
2019-06-13,22
2019-06-14,7
2019-06-15,8
2019-06-16,10
2019-06-17,16
2019-06-18,17
2019-06-19,37
2019-06-20,81
2019-06-21,24
2019-06-22,9
2019-06-23,13
2019-06-24,25
2019-06-25,12
2019-06-26,18
2019-06-27,36
2019-06-28,47
2019-06-29,23
2019-06-30,21
2019-07-01,18
2019-07-02,30
2019-07-03,31
2019-07-04,35
2019-07-05,34
2019-07-06,12
2019-07-07,17
2019-07-08,36
2019-07-09,54
2019-07-10,32
2019-07-11,34
2019-07-12,28
2019-07-13,23
2019-07-14,9
2019-07-15,13
2019-07-16,16
2019-07-17,37
2019-07-18,30
2019-07-19,57
2019-07-20,14
2019-07-21,34
2019-07-22,31
2019-07-23,20
2019-07-24,20
2019-07-25,28
2019-07-26,20
2019-07-27,22
2019-07-28,30
2019-07-29,12
2019-07-30,13
2019-07-31,17
2019-08-01,12
2019-08-02,11
2019-08-03,12
2019-08-04,8
2019-08-05,16
2019-08-06,20
2019-08-07,27
2019-08-08,30
2019-08-09,25
2019-08-10,23
2019-08-11,15
2019-08-12,15
2019-08-13,20
2019-08-14,14
2019-08-15,14
2019-08-16,23
2019-08-17,4
2019-08-18,5
2019-08-19,49
2019-08-20,26
2019-08-21,39
2019-08-22,18
2019-08-23,30
2019-08-24,20
2019-08-25,17
2019-08-26,18
2019-08-27,55
2019-08-28,23
2019-08-29,35
2019-08-30,17
2019-08-31,11
2019-09-01,15
2019-09-02,32
2019-09-03,21
2019-09-04,23
2019-09-05,77
2019-09-06,31
2019-09-07,27
2019-09-08,22
2019-09-09,21
2019-09-10,27
2019-09-11,17
2019-09-12,39
2019-09-13,15
2019-09-14,9
2019-09-15,4
2019-09-16,42
2019-09-17,27
2019-09-18,20
2019-09-19,29
2019-09-20,17
2019-09-21,11
2019-09-22,12
2019-09-23,20
2019-09-24,16
2019-09-25,31
2019-09-26,14
2019-09-27,24
2019-09-28,15
2019-09-29,14
2019-09-30,19
2019-10-01,43
2019-10-02,40
2019-10-03,68
2019-10-04,30
2019-10-05,12
2019-10-06,16
2019-10-07,40
2019-10-08,23
2019-10-09,37
2019-10-10,34
2019-10-11,25
2019-10-12,25
2019-10-13,33
2019-10-14,38
2019-10-15,46
2019-10-16,34
2019-10-17,34
2019-10-18,16
2019-10-19,14
2019-10-20,11
2019-10-21,24
2019-10-22,93
2019-10-23,24
2019-10-24,30
2019-10-25,13
2019-10-26,20
2019-10-27,26
2019-10-28,30
2019-10-29,35
2019-10-30,31
2019-10-31,35
2019-11-01,16
2019-11-02,6
2019-11-03,13
2019-11-04,21
2019-11-05,33
2019-11-06,25
2019-11-07,21
2019-11-08,23
2019-11-09,15
2019-11-10,29
2019-11-11,19
2019-11-12,29
2019-11-13,31
2019-11-14,58
2019-11-15,23
2019-11-16,16
2019-11-17,15
2019-11-18,24
2019-11-19,19
2019-11-20,43
2019-11-21,43
2019-11-22,51
2019-11-23,21
2019-11-24,13
2019-11-25,30
2019-11-26,28
2019-11-27,47
2019-11-28,30
2019-11-29,33
2019-11-30,9
2019-12-01,12
2019-12-02,34
2019-12-03,47
2019-12-04,34
2019-12-05,30
2019-12-06,46
2019-12-07,49
2019-12-08,18
2019-12-09,114
2019-12-10,70
2019-12-11,47
2019-12-12,37
2019-12-13,39
2019-12-14,18
2019-12-15,26
2019-12-16,35
2019-12-17,18
2019-12-18,18
2019-12-19,148
2019-12-20,48
2019-12-21,18
2019-12-22,15
2019-12-23,53
2019-12-24,56
2019-12-25,46
2019-12-26,39
2019-12-27,23
2019-12-28,20
2019-12-29,23
2019-12-30,27
2019-12-31,30
2020-01-01,17
2020-01-02,12
2020-01-03,48
2020-01-04,27
2020-01-05,21
2020-01-06,28
2020-01-07,84
2020-01-08,92
2020-01-09,65
2020-01-10,37
2020-01-11,53
2020-01-12,57
2020-01-13,37
2020-01-14,12
2020-01-15,189
2020-01-16,86
2020-01-17,54
2020-01-18,35
2020-01-19,75
2020-01-20,63
2020-01-21,95
2020-01-22,65
2020-01-23,100
2020-01-24,46
2020-01-25,39
2020-01-26,17
2020-01-27,27
2020-01-28,29
2020-01-29,46
2020-01-30,39
2020-01-31,35
2020-02-01,14
2020-02-02,9
2020-02-03,27
2020-02-04,33
2020-02-05,38
2020-02-06,27
2020-02-07,31
2020-02-08,16
2020-02-09,18
2020-02-10,25
2020-02-11,29
2020-02-12,30
2020-02-13,38
2020-02-14,29
2020-02-15,17
2020-02-16,12
2020-02-17,29
2020-02-18,44
2020-02-19,42
2020-02-20,54
2020-02-21,60
2020-02-22,21
2020-02-23,27
2020-02-24,19
2020-02-25,47
2020-02-26,59
2020-02-27,72
2020-02-28,50
2020-02-29,45
2020-03-01,49
2020-03-02,75
2020-03-03,45
2020-03-04,63
2020-03-05,164
2020-03-06,73
2020-03-07,28
2020-03-08,16
2020-03-09,29
2020-03-10,107
2020-03-11,46
2020-03-12,49
2020-03-13,34
2020-03-14,24
2020-03-15,19
2020-03-16,24
2020-03-17,55
2020-03-18,37
2020-03-19,38
2020-03-20,29
2020-03-21,18
2020-03-22,13
2020-03-23,38
2020-03-24,56
2020-03-25,83
2020-03-26,65
2020-03-27,28
2020-03-28,13
2020-03-29,38
2020-03-30,53
2020-03-31,42
2020-04-01,47
2020-04-02,74
2020-04-03,60
2020-04-04,20
2020-04-05,20
2020-04-06,22
2020-04-07,33
2020-04-08,54
2020-04-09,37
2020-04-10,31
2020-04-11,17
2020-04-12,15
2020-04-13,41
2020-04-14,49
2020-04-15,62
2020-04-16,60
2020-04-17,37
2020-04-18,25
2020-04-19,23
2020-04-20,17
2020-04-21,33
2020-04-22,23
2020-04-23,30
2020-04-24,36
2020-04-25,17
2020-04-26,27
2020-04-27,41
2020-04-28,53
2020-04-29,28
2020-04-30,42
2020-05-01,13
2020-05-02,15
2020-05-03,19
2020-05-04,12
2020-05-05,31
2020-05-06,61
2020-05-07,56
2020-05-08,49
2020-05-09,35
2020-05-10,23
2020-05-11,63
2020-05-12,31
2020-05-13,30
2020-05-14,23
2020-05-15,38
2020-05-16,27
2020-05-17,27
2020-05-18,31
2020-05-19,48
2020-05-20,45
2020-05-21,42
2020-05-22,36
2020-05-23,22
2020-05-24,17
2020-05-25,19
2020-05-26,43
2020-05-27,41
2020-05-28,35
2020-05-29,29
2020-05-30,17
2020-05-31,20
2020-06-01,51
2020-06-02,46
2020-06-03,32
2020-06-04,24
2020-06-05,33
2020-06-06,26
2020-06-07,18
2020-06-08,35
2020-06-09,26
2020-06-10,36
2020-06-11,36
2020-06-12,28
2020-06-13,19
2020-06-14,34
2020-06-15,20
2020-06-16,35
2020-06-17,29
2020-06-18,64
2020-06-19,48
2020-06-20,32
2020-06-21,38
2020-06-22,38
2020-06-23,86
2020-06-24,45
2020-06-25,32
2020-06-26,22
2020-06-27,22
2020-06-28,30
2020-06-29,29
2020-06-30,56
2020-07-01,39
2020-07-02,47
2020-07-03,33
2020-07-04,16
2020-07-05,21
2020-07-06,16
2020-07-07,19
2020-07-08,20
2020-07-09,44
2020-07-10,25
2020-07-11,14
2020-07-12,19
2020-07-13,30
2020-07-14,21
2020-07-15,36
2020-07-16,26
2020-07-17,22
2020-07-18,16
2020-07-19,10
2020-07-20,40
2020-07-21,32
2020-07-22,27
2020-07-23,30
2020-07-24,17
2020-07-25,13
2020-07-26,26
2020-07-27,19
2020-07-28,21
2020-07-29,52
2020-07-30,46
2020-07-31,24
2020-08-01,19
2020-08-02,14
2020-08-03,19
2020-08-04,55
2020-08-05,39
2020-08-06,44
2020-08-07,34
2020-08-08,21
2020-08-09,57
2020-08-10,51
2020-08-11,39
2020-08-12,50
2020-08-13,31
2020-08-14,39
2020-08-15,71
2020-08-16,62
2020-08-17,51
2020-08-18,72
2020-08-19,46
2020-08-20,29
2020-08-21,23
2020-08-22,31
2020-08-23,33
2020-08-24,42
2020-08-25,23
2020-08-26,36
2020-08-27,73
2020-08-28,41
2020-08-29,21
2020-08-30,42
2020-08-31,23
2020-09-01,40
2020-09-02,31
2020-09-03,40
2020-09-04,30
2020-09-05,18
2020-09-06,35
2020-09-07,29
2020-09-08,34
2020-09-09,41
2020-09-10,33
2020-09-11,31
2020-09-12,19
2020-09-13,28
2020-09-14,85
2020-09-15,35
2020-09-16,35
2020-09-17,31
2020-09-18,41
2020-09-19,35
2020-09-20,24
2020-09-21,24
2020-09-22,51
2020-09-23,71
2020-09-24,44
2020-09-25,32
2020-09-26,20
2020-09-27,53
2020-09-28,52
2020-09-29,31
2020-09-30,60
2020-10-01,65
2020-10-02,35
2020-10-03,36
2020-10-04,48
2020-10-05,65
2020-10-06,42
2020-10-07,73
2020-10-08,49
2020-10-09,34
2020-10-10,36
2020-10-11,33
2020-10-12,26
2020-10-13,26
2020-10-14,46
2020-10-15,40
2020-10-16,38
2020-10-17,41
2020-10-18,20
2020-10-19,34
2020-10-20,40
2020-10-21,28
2020-10-22,117
2020-10-23,35
2020-10-24,25
2020-10-25,35
2020-10-26,50
2020-10-27,51
2020-10-28,34
2020-10-29,83
2020-10-30,36
2020-10-31,31
2020-11-01,34
2020-11-02,50
2020-11-03,57
2020-11-04,69
2020-11-05,43
2020-11-06,63
2020-11-07,51
2020-11-08,27
2020-11-09,135
2020-11-10,94
2020-11-11,52
2020-11-12,47
2020-11-13,46
2020-11-14,34
2020-11-15,41
2020-11-16,54
2020-11-17,99
2020-11-18,39
2020-11-19,33
2020-11-20,46
2020-11-21,26
2020-11-22,32
2020-11-23,24
2020-11-24,40
2020-11-25,37
2020-11-26,36
2020-11-27,23
2020-11-28,14
2020-11-29,19
2020-11-30,37
2020-12-01,38
2020-12-02,43
2020-12-03,46
2020-12-04,41
2020-12-05,30
2020-12-06,25
2020-12-07,36
2020-12-08,20
2020-12-09,35
2020-12-10,49
2020-12-11,37
2020-12-12,26
2020-12-13,30
2020-12-14,28
2020-12-15,31
2020-12-16,26
2020-12-17,192
2020-12-18,41
2020-12-19,21
2020-12-20,45
2020-12-21,46
2020-12-22,49
2020-12-23,39
2020-12-24,45
2020-12-25,37
2020-12-26,30
2020-12-27,33
2020-12-28,31
2020-12-29,24
2020-12-30,30
2020-12-31,21
2021-01-01,17
2021-01-02,16
2021-01-03,18
2021-01-04,18
2021-01-05,34
2021-01-06,72
2021-01-07,91
2021-01-08,28
2021-01-09,27
2021-01-10,35
2021-01-11,75
2021-01-12,33
2021-01-13,49
2021-01-14,31
2021-01-15,23
2021-01-16,40
2021-01-17,36
2021-01-18,33
2021-01-19,58
2021-01-20,78
2021-01-21,60
2021-01-22,43
2021-01-23,49
2021-01-24,35
2021-01-25,65
2021-01-26,71
2021-01-27,70
2021-01-28,40
2021-01-29,51
2021-01-30,34
2021-01-31,36
2021-02-01,55
2021-02-02,65
2021-02-03,42
2021-02-04,52
2021-02-05,55
2021-02-06,30
2021-02-07,30
2021-02-08,47
2021-02-09,34
2021-02-10,33
2021-02-11,40
2021-02-12,34
2021-02-13,39
2021-02-14,36
2021-02-15,28
2021-02-16,28
2021-02-17,59
2021-02-18,37
2021-02-19,50
2021-02-20,35
2021-02-21,19
2021-02-22,24
2021-02-23,35
2021-02-24,45
2021-02-25,46
2021-02-26,33
2021-02-27,36
2021-02-28,14
2021-03-01,48
2021-03-02,36
2021-03-03,52
2021-03-04,58
2021-03-05,20
2021-03-06,25
2021-03-07,17
2021-03-08,17
2021-03-09,36
2021-03-10,36
2021-03-11,34
2021-03-12,24
2021-03-13,34
2021-03-14,15
2021-03-15,29
2021-03-16,30
2021-03-17,65
2021-03-18,126
2021-03-19,75
2021-03-20,31
2021-03-21,48
2021-03-22,63
2021-03-23,67
2021-03-24,36
2021-03-25,34
2021-03-26,56
2021-03-27,26
2021-03-28,22
2021-03-29,45
2021-03-30,60
2021-03-31,56
2021-04-01,26
2021-04-02,26
2021-04-03,14
2021-04-04,14
2021-04-05,44
2021-04-06,43
2021-04-07,36
2021-04-08,58
2021-04-09,23
2021-04-10,24
2021-04-11,41
2021-04-12,41
2021-04-13,64
2021-04-14,60
2021-04-15,63
2021-04-16,54
2021-04-17,38
2021-04-18,49
2021-04-19,62
2021-04-20,72
2021-04-21,198
2021-04-22,109
2021-04-23,61
2021-04-24,49
2021-04-25,30
2021-04-26,73
2021-04-27,52
2021-04-28,52
2021-04-29,37
2021-04-30,42
2021-05-01,19
2021-05-02,15
2021-05-03,31
2021-05-04,24
2021-05-05,25
2021-05-06,27
2021-05-07,34
2021-05-08,27
2021-05-09,28
2021-05-10,32
2021-05-11,61
2021-05-12,43
2021-05-13,61
2021-05-14,35
2021-05-15,30
2021-05-16,11
2021-05-17,27
2021-05-18,41
2021-05-19,53
2021-05-20,81
2021-05-21,25
2021-05-22,16
2021-05-23,35
2021-05-24,26
2021-05-25,70
2021-05-26,64
2021-05-27,71
2021-05-28,61
2021-05-29,42
2021-05-30,24
2021-05-31,25
2021-06-01,50
2021-06-02,62
2021-06-03,39
2021-06-04,106
2021-06-05,49
2021-06-06,24
2021-06-07,47
2021-06-08,38
2021-06-09,65
2021-06-10,48
2021-06-11,42
2021-06-12,62
2021-06-13,41
2021-06-14,61
2021-06-15,93
2021-06-16,274
2021-06-17,66
2021-06-18,40
2021-06-19,56
2021-06-20,27
2021-06-21,34
2021-06-22,54
2021-06-23,44
2021-06-24,24
2021-06-25,23
2021-06-26,12
2021-06-27,18
2021-06-28,39
2021-06-29,47
2021-06-30,211
2021-07-01,72
2021-07-02,39
2021-07-03,25
2021-07-04,26
2021-07-05,51
2021-07-06,32
2021-07-07,33
2021-07-08,40
2021-07-09,38
2021-07-10,18
2021-07-11,17
2021-07-12,87
2021-07-13,109
2021-07-14,65
2021-07-15,43
2021-07-16,52
2021-07-17,15
2021-07-18,18
2021-07-19,39
2021-07-20,65
2021-07-21,54
2021-07-22,39
2021-07-23,26
2021-07-24,21
2021-07-25,36
2021-07-26,15
2021-07-27,35
2021-07-28,46
2021-07-29,26
2021-07-30,26
2021-07-31,21
2021-08-01,31
2021-08-02,27
2021-08-03,28
2021-08-04,22
2021-08-05,30
2021-08-06,26
2021-08-07,13
2021-08-08,18
2021-08-09,43
2021-08-10,25
2021-08-11,19
2021-08-12,28
2021-08-13,28
2021-08-14,43
2021-08-15,66
2021-08-16,44
2021-08-17,38
2021-08-18,35
2021-08-19,25
2021-08-20,79
2021-08-21,33
2021-08-22,59
2021-08-23,48
2021-08-24,62
2021-08-25,43
2021-08-26,33
2021-08-27,31
2021-08-28,20
2021-08-29,29
2021-08-30,39
2021-08-31,40
2021-09-01,65
2021-09-02,41
2021-09-03,54
2021-09-04,23
2021-09-05,50
2021-09-06,34
2021-09-07,35
2021-09-08,54
2021-09-09,75
2021-09-10,46
2021-09-11,44
2021-09-12,19
2021-09-13,46
2021-09-14,59
2021-09-15,53
2021-09-16,43
2021-09-17,43
2021-09-18,33
2021-09-19,25
2021-09-20,31
2021-09-21,36
2021-09-22,57
2021-09-23,43
2021-09-24,22
2021-09-25,51
2021-09-26,44
2021-09-27,41
2021-09-28,23
2021-09-29,66
2021-09-30,32
2021-10-01,41
2021-10-02,29
2021-10-03,27
2021-10-04,42
2021-10-05,41
2021-10-06,32
2021-10-07,50
2021-10-08,25
2021-10-09,19
2021-10-10,14
2021-10-11,36
2021-10-12,41
2021-10-13,77
2021-10-14,39
2021-10-15,43
2021-10-16,15
2021-10-17,28
2021-10-18,49
2021-10-19,37
2021-10-20,44
2021-10-21,105
2021-10-22,35
2021-10-23,37
2021-10-24,32
2021-10-25,50
2021-10-26,30
2021-10-27,28
2021-10-28,34
2021-10-29,26
2021-10-30,15
2021-10-31,25
2021-11-01,74
2021-11-02,61
2021-11-03,51
2021-11-04,71
2021-11-05,13
2021-11-06,20
2021-11-07,36
2021-11-08,35
2021-11-09,34
2021-11-10,40
2021-11-11,37
2021-11-12,29
2021-11-13,53
2021-11-14,32
2021-11-15,44
2021-11-16,41
2021-11-17,34
2021-11-18,70
2021-11-19,45
2021-11-20,23
2021-11-21,51
2021-11-22,34
2021-11-23,56
2021-11-24,47
2021-11-25,41
2021-11-26,69
2021-11-27,26
2021-11-28,18
2021-11-29,38
2021-11-30,67
2021-12-01,68
2021-12-02,43
2021-12-03,49
2021-12-04,54
2021-12-05,51
2021-12-06,84
2021-12-07,135
2021-12-08,91
2021-12-09,91
2021-12-10,51
2021-12-11,42
2021-12-12,64
2021-12-13,53
2021-12-14,47
2021-12-15,61
2021-12-16,39
2021-12-17,70
2021-12-18,30
2021-12-19,28
2021-12-20,48
2021-12-21,100
2021-12-22,52
2021-12-23,262
2021-12-24,68
2021-12-25,24
2021-12-26,55
2021-12-27,43
2021-12-28,35
2021-12-29,67
2021-12-30,49
2021-12-31,36
2022-01-01,20
2022-01-02,19
2022-01-03,23
2022-01-04,41
2022-01-05,95
2022-01-06,78
2022-01-07,88
2022-01-08,47
2022-01-09,51
2022-01-10,77
2022-01-11,45
2022-01-12,73
2022-01-13,53
2022-01-14,48
2022-01-15,45
2022-01-16,30
2022-01-17,50
2022-01-18,30
2022-01-19,75
2022-01-20,62
2022-01-21,55
2022-01-22,45
2022-01-23,34
2022-01-24,49
2022-01-25,93
2022-01-26,73
2022-01-27,75
2022-01-28,67
2022-01-29,47
2022-01-30,35
2022-01-31,50
2022-02-01,97
2022-02-02,57
2022-02-03,58
2022-02-04,86
2022-02-05,54
2022-02-06,54
2022-02-07,113
2022-02-08,96
2022-02-09,42
2022-02-10,52
2022-02-11,58
2022-02-12,86
2022-02-13,63
2022-02-14,111
2022-02-15,183
2022-02-16,91
2022-02-17,94
2022-02-18,173
2022-02-19,86
2022-02-20,84
2022-02-21,842
2022-02-22,322
2022-02-23,192
2022-02-24,484
2022-02-25,361
2022-02-26,196
2022-02-27,284
2022-02-28,220
2022-03-01,177
2022-03-02,122
2022-03-03,277
2022-03-04,194
2022-03-05,269
2022-03-06,174
2022-03-07,135
2022-03-08,119
2022-03-09,159
2022-03-10,148
2022-03-11,222
2022-03-12,106
2022-03-13,89
2022-03-14,146
2022-03-15,139
2022-03-16,268
2022-03-17,137
2022-03-18,218
2022-03-19,95
2022-03-20,98
2022-03-21,95
2022-03-22,78
2022-03-23,176
2022-03-24,129
2022-03-25,123
2022-03-26,137
2022-03-27,90
2022-03-28,157
2022-03-29,169
2022-03-30,142
2022-03-31,216
2022-04-01,142
2022-04-02,91
2022-04-03,129
2022-04-04,129
2022-04-05,130
2022-04-06,124
2022-04-07,130
2022-04-08,79
2022-04-09,81
2022-04-10,104
2022-04-11,132
2022-04-12,328
2022-04-13,117
2022-04-14,129
2022-04-15,91
2022-04-16,53
2022-04-17,79
2022-04-18,108
2022-04-19,103
2022-04-20,122
2022-04-21,174
2022-04-22,102
2022-04-23,76
2022-04-24,70
2022-04-25,135
2022-04-26,186
2022-04-27,172
2022-04-28,62
2022-04-29,62
2022-04-30,79
2022-05-01,100
2022-05-02,64
2022-05-03,141
2022-05-04,87
2022-05-05,71
2022-05-06,71
2022-05-07,39
2022-05-08,72
2022-05-09,213
2022-05-10,96
2022-05-11,127
2022-05-12,108
2022-05-13,77
2022-05-14,89
2022-05-15,63
2022-05-16,115
2022-05-17,106
2022-05-18,85
2022-05-19,132
2022-05-20,153
2022-05-21,59
2022-05-22,63
2022-05-23,110
2022-05-24,103
2022-05-25,141
2022-05-26,107
2022-05-27,88
2022-05-28,88
2022-05-29,94
2022-05-30,105
2022-05-31,90
2022-06-01,83
2022-06-02,48
2022-06-03,131
2022-06-04,49
2022-06-05,89
2022-06-06,75
2022-06-07,78
2022-06-08,68
2022-06-09,110
2022-06-10,80
2022-06-11,55
2022-06-12,75
2022-06-13,56
2022-06-14,88
2022-06-15,79
2022-06-16,67
2022-06-17,526
2022-06-18,59
2022-06-19,49
2022-06-20,63
2022-06-21,89
2022-06-22,78
2022-06-23,50
2022-06-24,71
2022-06-25,102
2022-06-26,45
2022-06-27,69
2022-06-28,72
2022-06-29,157
2022-06-30,145
2022-07-01,83
2022-07-02,67
2022-07-03,101
2022-07-04,105
2022-07-05,71
2022-07-06,67
2022-07-07,152
2022-07-08,80
2022-07-09,57
2022-07-10,46
2022-07-11,87
2022-07-12,78
2022-07-13,66
2022-07-14,75
2022-07-15,85
2022-07-16,53
2022-07-17,43
2022-07-18,112
2022-07-19,140
2022-07-20,97
2022-07-21,115
2022-07-22,80
2022-07-23,40
2022-07-24,47
2022-07-25,57
2022-07-26,79
2022-07-27,60
2022-07-28,97
2022-07-29,87
2022-07-30,44
2022-07-31,96
2022-08-01,74
2022-08-02,60
2022-08-03,58
2022-08-04,67
2022-08-05,108
2022-08-06,49
2022-08-07,37
2022-08-08,66
2022-08-09,95
2022-08-10,65
2022-08-11,54
2022-08-12,88
2022-08-13,24
2022-08-14,35
2022-08-15,79
2022-08-16,65
2022-08-17,52
2022-08-18,57
2022-08-19,91
2022-08-20,54
2022-08-21,62
2022-08-22,101
2022-08-23,70
2022-08-24,77
2022-08-25,79
2022-08-26,69
2022-08-27,70
2022-08-28,33
2022-08-29,59
2022-08-30,65
2022-08-31,66
2022-09-01,105
2022-09-02,54
2022-09-03,70
2022-09-04,66
2022-09-05,104
2022-09-06,89
2022-09-07,180
2022-09-08,64
2022-09-09,83
2022-09-10,58
2022-09-11,75
2022-09-12,67
2022-09-13,80
2022-09-14,68
2022-09-15,96
2022-09-16,181
2022-09-17,51
2022-09-18,41
2022-09-19,47
2022-09-20,272
2022-09-21,432
2022-09-22,124
2022-09-23,90
2022-09-24,100
2022-09-25,95
2022-09-26,94
2022-09-27,84
2022-09-28,106
2022-09-29,153
2022-09-30,498
2022-10-01,102
2022-10-02,89
2022-10-03,107
2022-10-04,96
2022-10-05,184
2022-10-06,97
2022-10-07,180
2022-10-08,114
2022-10-09,123
2022-10-10,276
2022-10-11,124
2022-10-12,172
2022-10-13,119
2022-10-14,255
2022-10-15,53
2022-10-16,57
2022-10-17,78
2022-10-18,122
2022-10-19,332
2022-10-20,150
2022-10-21,99
2022-10-22,58
2022-10-23,58
2022-10-24,75
2022-10-25,129
2022-10-26,183
2022-10-27,806
2022-10-28,186
2022-10-29,55
2022-10-30,86
2022-10-31,196
2022-11-01,96
2022-11-02,127
2022-11-03,116
2022-11-04,239
2022-11-05,43
2022-11-06,58
2022-11-07,115
2022-11-08,126
2022-11-09,142
2022-11-10,109
2022-11-11,69
2022-11-12,45
2022-11-13,90
2022-11-14,84
2022-11-15,122
2022-11-16,106
2022-11-17,98
2022-11-18,76
2022-11-19,38
2022-11-20,46
2022-11-21,96
2022-11-22,86
2022-11-23,130
2022-11-24,118
2022-11-25,240
2022-11-26,76
2022-11-27,47
2022-11-28,83
2022-11-29,88
2022-11-30,61
2022-12-01,113
2022-12-02,105
2022-12-03,56
2022-12-04,47
2022-12-05,129
2022-12-06,78
2022-12-07,263
2022-12-08,146
2022-12-09,230
2022-12-10,57
2022-12-11,53
2022-12-12,73
2022-12-13,93
2022-12-14,95
2022-12-15,150
2022-12-16,81
2022-12-17,75
2022-12-18,54
2022-12-19,225
2022-12-20,157
2022-12-21,347
2022-12-22,224
2022-12-23,127
2022-12-24,56
2022-12-25,103
2022-12-26,113
2022-12-27,119
2022-12-28,82
2022-12-29,123
2022-12-30,105
2022-12-31,119
2023-01-01,46
2023-01-02,47
2023-01-03,100
2023-01-04,85
2023-01-05,159
2023-01-06,83
2023-01-07,51
2023-01-08,53
2023-01-09,76
2023-01-10,83
2023-01-11,117
2023-01-12,89
2023-01-13,77
2023-01-14,49
2023-01-15,56
2023-01-16,65
2023-01-17,120
2023-01-18,224
2023-01-19,96
2023-01-20,99
2023-01-21,55
2023-01-22,53
2023-01-23,74
2023-01-24,96
2023-01-25,116
2023-01-26,60
2023-01-27,68
2023-01-28,40
2023-01-29,46
2023-01-30,62
2023-01-31,101
2023-02-01,105
2023-02-02,160
2023-02-03,102
2023-02-04,52
2023-02-05,68
2023-02-06,89
2023-02-07,66
2023-02-08,81
2023-02-09,117
2023-02-10,76
2023-02-11,48
2023-02-12,61
2023-02-13,81
2023-02-14,81
2023-02-15,106
2023-02-16,120
2023-02-17,121
2023-02-18,85
2023-02-19,76
2023-02-20,145
2023-02-21,1032
2023-02-22,252
2023-02-23,105
2023-02-24,92
2023-02-25,63
2023-02-26,105
2023-02-27,116
2023-02-28,129
2023-03-01,96
2023-03-02,144
2023-03-03,69
2023-03-04,42
2023-03-05,31
2023-03-06,83
2023-03-07,96
2023-03-08,65
2023-03-09,64
2023-03-10,63
2023-03-11,40
2023-03-12,76
2023-03-13,74
2023-03-14,176
2023-03-15,101
2023-03-16,123
2023-03-17,193
2023-03-18,112
2023-03-19,264
2023-03-20,304
2023-03-21,310
2023-03-22,109
2023-03-23,122
2023-03-24,88
2023-03-25,143
2023-03-26,104
2023-03-27,102
2023-03-28,61
2023-03-29,101
2023-03-30,96
2023-03-31,131
2023-04-01,55
2023-04-02,42
2023-04-03,130
2023-04-04,146
2023-04-05,181
2023-04-06,155
2023-04-07,64
2023-04-08,30
2023-04-09,50
2023-04-10,66
2023-04-11,73
2023-04-12,83
2023-04-13,65
2023-04-14,52
2023-04-15,48
2023-04-16,57
2023-04-17,63
2023-04-18,177
2023-04-19,72
2023-04-20,94
2023-04-21,74
2023-04-22,40
2023-04-23,41
2023-04-24,83
2023-04-25,99
2023-04-26,113
2023-04-27,164
2023-04-28,129
2023-04-29,42
2023-04-30,46
2023-05-01,51
2023-05-02,94
2023-05-03,177
2023-05-04,94
2023-05-05,95
2023-05-06,51
2023-05-07,40
2023-05-08,79
2023-05-09,161
2023-05-10,89
2023-05-11,69
2023-05-12,64
2023-05-13,39
2023-05-14,88
2023-05-15,102
2023-05-16,76
2023-05-17,89
2023-05-18,79
2023-05-19,132
2023-05-20,66
2023-05-21,72
2023-05-22,81
2023-05-23,114
2023-05-24,118
2023-05-25,122
2023-05-26,92
2023-05-27,65
2023-05-28,146
2023-05-29,91
2023-05-30,149
2023-05-31,105
2023-06-01,125
2023-06-02,72
2023-06-03,48
2023-06-04,50
2023-06-05,64
2023-06-06,84
2023-06-07,56
2023-06-08,77
2023-06-09,129
2023-06-10,83
2023-06-11,51
2023-06-12,98
2023-06-13,522
2023-06-14,155
2023-06-15,63
2023-06-16,488
2023-06-17,147
2023-06-18,76
2023-06-19,67
2023-06-20,93
2023-06-21,148
2023-06-22,117
2023-06-23,148
2023-06-24,801
2023-06-25,108
2023-06-26,380
2023-06-27,378
2023-06-28,173
2023-06-29,134
2023-06-30,92
2023-07-01,58
2023-07-02,37
2023-07-03,64
2023-07-04,102
2023-07-05,57
2023-07-06,84
2023-07-07,85
2023-07-08,58
2023-07-09,56
2023-07-10,152
2023-07-11,77
2023-07-12,80
2023-07-13,172
2023-07-14,98
2023-07-15,53
2023-07-16,81
2023-07-17,206
2023-07-18,74
2023-07-19,157
2023-07-20,95
2023-07-21,151
2023-07-22,48
2023-07-23,148
2023-07-24,92
2023-07-25,92
2023-07-26,85
2023-07-27,208
2023-07-28,172
2023-07-29,260
2023-07-30,128
2023-07-31,92
2023-08-01,82
2023-08-02,125
2023-08-03,101
2023-08-04,81
2023-08-05,44
2023-08-06,41
2023-08-07,71
2023-08-08,96
2023-08-09,64
2023-08-10,65
2023-08-11,55
2023-08-12,39
2023-08-13,23
2023-08-14,97
2023-08-15,67
2023-08-16,73
2023-08-17,118
2023-08-18,54
2023-08-19,63
2023-08-20,38
2023-08-21,53
2023-08-22,120
2023-08-23,123
2023-08-24,174
2023-08-25,121
2023-08-26,49
2023-08-27,43
2023-08-28,66
2023-08-29,88
2023-08-30,103
2023-08-31,83
2023-09-01,107
2023-09-02,46
2023-09-03,55
2023-09-04,222
2023-09-05,117
2023-09-06,91
2023-09-07,59
2023-09-08,87
2023-09-09,49
2023-09-10,63
2023-09-11,136
2023-09-12,304
2023-09-13,180
2023-09-14,91
2023-09-15,110
2023-09-16,36
2023-09-17,75
2023-09-18,91
2023-09-19,96
2023-09-20,118
2023-09-21,89
2023-09-22,70
2023-09-23,64
2023-09-24,40
2023-09-25,74
2023-09-26,67
2023-09-27,82
2023-09-28,121
2023-09-29,131
2023-09-30,51
2023-10-01,65
2023-10-02,108
2023-10-03,88
2023-10-04,73
2023-10-05,320
2023-10-06,107
2023-10-07,204
2023-10-08,60
2023-10-09,92
2023-10-10,99
2023-10-11,138
2023-10-12,66
2023-10-13,154
2023-10-14,51
2023-10-15,65
2023-10-16,134
2023-10-17,157
2023-10-18,136
2023-10-19,111
2023-10-20,95
2023-10-21,41
2023-10-22,34
2023-10-23,63
2023-10-24,81
2023-10-25,104
2023-10-26,93
2023-10-27,74
2023-10-28,41
2023-10-29,46
2023-10-30,140
2023-10-31,65
2023-11-01,79
2023-11-02,88
2023-11-03,116
2023-11-04,87
2023-11-05,39
2023-11-06,66
2023-11-07,78
2023-11-08,110
2023-11-09,101
2023-11-10,89
2023-11-11,32
2023-11-12,56
2023-11-13,63
2023-11-14,70
2023-11-15,60
2023-11-16,84
2023-11-17,94
2023-11-18,45
2023-11-19,62
2023-11-20,119
2023-11-21,106
2023-11-22,108
2023-11-23,72
2023-11-24,83
2023-11-25,77
2023-11-26,74
2023-11-27,71
2023-11-28,138
2023-11-29,109
2023-11-30,107
2023-12-01,128
2023-12-02,65
2023-12-03,65
2023-12-04,143
2023-12-05,101
2023-12-06,270
2023-12-07,170
2023-12-08,213
2023-12-09,93
2023-12-10,113
2023-12-11,126
2023-12-12,105
2023-12-13,94
2023-12-14,623
2023-12-15,164
2023-12-16,91
2023-12-17,132
2023-12-18,158
2023-12-19,289
2023-12-20,155
2023-12-21,123
2023-12-22,102
2023-12-23,97
2023-12-24,123
2023-12-25,187
2023-12-26,144
2023-12-27,121
2023-12-28,88
2023-12-29,77
2023-12-30,79
2023-12-31,70
2024-01-01,140
2024-01-02,66
2024-01-03,77
2024-01-04,79
2024-01-05,56
2024-01-06,62
2024-01-07,61
2024-01-08,45
2024-01-09,96
2024-01-10,141
2024-01-11,150
2024-01-12,93
2024-01-13,47
2024-01-14,49
2024-01-15,89
2024-01-16,155
2024-01-17,153
2024-01-18,78
2024-01-19,80
2024-01-20,77
2024-01-21,61
2024-01-22,88
2024-01-23,83
2024-01-24,63
2024-01-25,108
2024-01-26,182
2024-01-27,101
2024-01-28,84
2024-01-29,131
2024-01-30,89
2024-01-31,168
2024-02-01,123
2024-02-02,167
2024-02-03,80
2024-02-04,81
2024-02-05,104
2024-02-06,142
2024-02-07,175
2024-02-08,275
2024-02-09,415
2024-02-10,133
2024-02-11,102
2024-02-12,104
2024-02-13,103
2024-02-14,177
2024-02-15,145
2024-02-16,134
2024-02-17,103
2024-02-18,123
2024-02-19,88
2024-02-20,176
2024-02-21,153
2024-02-22,167
2024-02-23,106
2024-02-24,78
2024-02-25,88
2024-02-26,108
2024-02-27,117
2024-02-28,123
2024-02-29,718
2024-03-01,161
2024-03-02,71
2024-03-03,84
2024-03-04,90
2024-03-05,77
2024-03-06,171
2024-03-07,126
2024-03-08,126
2024-03-09,68
2024-03-10,86
2024-03-11,138
2024-03-12,109
2024-03-13,240
2024-03-14,169
2024-03-15,262
2024-03-16,192
2024-03-17,470
2024-03-18,414
2024-03-19,167
2024-03-20,125
2024-03-21,106
2024-03-22,140
2024-03-23,263
2024-03-24,80
2024-03-25,137
2024-03-26,128
2024-03-27,148
2024-03-28,121
2024-03-29,63
2024-03-30,55
2024-03-31,78
2024-04-01,81
2024-04-02,163
2024-04-03,102
2024-04-04,95
2024-04-05,86
2024-04-06,72
2024-04-07,57
2024-04-08,55
2024-04-09,79
2024-04-10,63
2024-04-11,88
2024-04-12,71
2024-04-13,62
2024-04-14,45
2024-04-15,54
2024-04-16,76
2024-04-17,81
2024-04-18,81
2024-04-19,95
2024-04-20,61
2024-04-21,59
2024-04-22,70
2024-04-23,110
2024-04-24,117
2024-04-25,157
2024-04-26,77
2024-04-27,58
2024-04-28,50
2024-04-29,61
2024-04-30,76
2024-05-01,39
2024-05-02,76
2024-05-03,62
2024-05-04,61
2024-05-05,58
2024-05-06,129
2024-05-07,382
2024-05-08,140
2024-05-09,180
2024-05-10,104
2024-05-11,87
2024-05-12,158
2024-05-13,114
2024-05-14,186
2024-05-15,179
2024-05-16,199
2024-05-17,204
2024-05-18,82
2024-05-19,151
2024-05-20,199
2024-05-21,109
2024-05-22,124
2024-05-23,144
2024-05-24,168
2024-05-25,75
2024-05-26,66
2024-05-27,96
2024-05-28,159
2024-05-29,109
2024-05-30,110
2024-05-31,84
2024-06-01,57
2024-06-02,82
2024-06-03,88
2024-06-04,97
2024-06-05,351
2024-06-06,170
2024-06-07,333
2024-06-08,81
2024-06-09,62
2024-06-10,76
2024-06-11,79
2024-06-12,97
2024-06-13,77
2024-06-14,377
2024-06-15,125
2024-06-16,108
2024-06-17,159
2024-06-18,208
2024-06-19,266
2024-06-20,269
2024-06-21,111
2024-06-22,82
2024-06-23,72
2024-06-24,89
2024-06-25,78
2024-06-26,119
2024-06-27,100
2024-06-28,143
2024-06-29,69
2024-06-30,70
2024-07-01,90
2024-07-02,91
2024-07-03,141
2024-07-04,195
2024-07-05,203
2024-07-06,69
2024-07-07,66
2024-07-08,130
2024-07-09,109
2024-07-10,82
2024-07-11,94
2024-07-12,85
2024-07-13,83
2024-07-14,99
2024-07-15,68
2024-07-16,88
2024-07-17,63
2024-07-18,83
2024-07-19,95
2024-07-20,56
2024-07-21,151
2024-07-22,96
2024-07-23,98
2024-07-24,87
2024-07-25,92
2024-07-26,76
2024-07-27,52
2024-07-28,113
2024-07-29,83
2024-07-30,86
2024-07-31,122
2024-08-01,167
2024-08-02,97
2024-08-03,47
2024-08-04,41
2024-08-05,67
2024-08-06,59
2024-08-07,157
2024-08-08,136
2024-08-09,92
2024-08-10,52
2024-08-11,36
2024-08-12,184
2024-08-13,112
2024-08-14,59
2024-08-15,64
2024-08-16,66
2024-08-17,29
2024-08-18,61
2024-08-19,99
2024-08-20,150
2024-08-21,77
2024-08-22,109
2024-08-23,83
2024-08-24,80
2024-08-25,57
2024-08-26,89
2024-08-27,72
2024-08-28,37
2024-08-29,54
2024-08-30,77
2024-08-31,56
2024-09-01,39
2024-09-02,131
2024-09-03,121
2024-09-04,122
2024-09-05,196
2024-09-06,89
2024-09-07,106
2024-09-08,57
2024-09-09,75
2024-09-10,93
2024-09-11,99
2024-09-12,146
2024-09-13,88
2024-09-14,72
2024-09-15,71
2024-09-16,96
2024-09-17,75
2024-09-18,70
2024-09-19,137
2024-09-20,79
2024-09-21,48
2024-09-22,47
2024-09-23,69
2024-09-24,91
2024-09-25,152
2024-09-26,133
2024-09-27,98
2024-09-28,61
2024-09-29,42
2024-09-30,146
2024-10-01,95
2024-10-02,110
2024-10-03,80
2024-10-04,72
2024-10-05,44
2024-10-06,70
2024-10-07,209
2024-10-08,141
2024-10-09,121
2024-10-10,100
2024-10-11,92
2024-10-12,62
2024-10-13,53
2024-10-14,87
2024-10-15,55
2024-10-16,102
2024-10-17,86
2024-10-18,170
2024-10-19,43
2024-10-20,95
2024-10-21,124
2024-10-22,125
2024-10-23,163
2024-10-24,261
2024-10-25,170
2024-10-26,57
2024-10-27,75
2024-10-28,81
2024-10-29,117
2024-10-30,111
2024-10-31,84
2024-11-01,82
2024-11-02,62
2024-11-03,99
2024-11-04,131
2024-11-05,128
2024-11-06,213
2024-11-07,264
2024-11-08,125
2024-11-09,120
2024-11-10,82
2024-11-11,102
2024-11-12,92
2024-11-13,119
2024-11-14,114
2024-11-15,212
2024-11-16,106
2024-11-17,122
2024-11-18,109
2024-11-19,181
2024-11-20,96
2024-11-21,289
2024-11-22,232
2024-11-23,109
2024-11-24,91
2024-11-25,112
2024-11-26,90
2024-11-27,143
2024-11-28,263
2024-11-29,120
2024-11-30,98
2024-12-01,74
2024-12-02,120
2024-12-03,252
2024-12-04,194
2024-12-05,176
2024-12-06,172
2024-12-07,90
2024-12-08,166
2024-12-09,142
2024-12-10,122
2024-12-11,129
2024-12-12,117
2024-12-13,110
2024-12-14,120
2024-12-15,62
2024-12-16,176
2024-12-17,79
2024-12-18,70
2024-12-19,715
2024-12-20,180
2024-12-21,70
2024-12-22,156
2024-12-23,125
2024-12-24,91
2024-12-25,74
2024-12-26,133
2024-12-27,102
2024-12-28,129
2024-12-29,94
2024-12-30,97
2024-12-31,77
2025-01-01,44
2025-01-02,51
2025-01-03,62
2025-01-04,44
2025-01-05,60
2025-01-06,64
2025-01-07,90
2025-01-08,71
2025-01-09,69
2025-01-10,81
2025-01-11,67
2025-01-12,79
2025-01-13,79
2025-01-14,86
2025-01-15,96
2025-01-16,76
2025-01-17,84
2025-01-18,67
2025-01-19,54
2025-01-20,124
2025-01-21,120
2025-01-22,106
2025-01-23,99
2025-01-24,142
2025-01-25,71
2025-01-26,100
2025-01-27,94
2025-01-28,151
2025-01-29,122
2025-01-30,62
2025-01-31,67
2025-02-01,69
2025-02-02,70
2025-02-03,93
2025-02-04,97
2025-02-05,113
2025-02-06,91
2025-02-07,77
2025-02-08,73
2025-02-09,86
2025-02-10,98
2025-02-11,83
2025-02-12,248
2025-02-13,277
2025-02-14,185
2025-02-15,159
2025-02-16,127
2025-02-17,147
2025-02-18,196
2025-02-19,212
2025-02-20,99
2025-02-21,166
2025-02-22,76
2025-02-23,126
2025-02-24,200
2025-02-25,96
2025-02-26,106
2025-02-27,137
2025-02-28,232
2025-03-01,113
2025-03-02,102
2025-03-03,99
2025-03-04,102
2025-03-05,137
2025-03-06,140
2025-03-07,98
2025-03-08,47
2025-03-09,57
2025-03-10,112
2025-03-11,121
2025-03-12,218
2025-03-13,379
2025-03-14,196
2025-03-15,119
2025-03-16,85
2025-03-17,121
2025-03-18,391
2025-03-19,258
2025-03-20,129
2025-03-21,109
2025-03-22,74
2025-03-23,53
2025-03-24,88
2025-03-25,142
2025-03-26,111
2025-03-27,210
2025-03-28,120
2025-03-29,52
2025-03-30,66
2025-03-31,108
2025-04-01,100
2025-04-02,114
2025-04-03,93
2025-04-04,77
2025-04-05,39
2025-04-06,55
2025-04-07,97
2025-04-08,81
2025-04-09,78
2025-04-10,56
2025-04-11,145
2025-04-12,68
2025-04-13,62
2025-04-14,99
2025-04-15,100
2025-04-16,81
2025-04-17,105
2025-04-18,79
2025-04-19,211
2025-04-20,107
2025-04-21,183
2025-04-22,106
2025-04-23,126
2025-04-24,91
2025-04-25,132
2025-04-26,163
2025-04-27,85
2025-04-28,175
2025-04-29,163
2025-04-30,140
2025-05-01,90
2025-05-02,89
2025-05-03,97
2025-05-04,131
2025-05-05,91
2025-05-06,76
2025-05-07,122
2025-05-08,171
2025-05-09,191
2025-05-10,377
2025-05-11,250
2025-05-12,156
2025-05-13,190
2025-05-14,179
2025-05-15,194
2025-05-16,152
2025-05-17,159
2025-05-18,114
2025-05-19,308
2025-05-20,139
2025-05-21,200
2025-05-22,154
2025-05-23,88
2025-05-24,44
2025-05-25,64
2025-05-26,91
2025-05-27,130
2025-05-28,130
2025-05-29,72
2025-05-30,81
2025-05-31,48
2025-06-01,62
2025-06-02,92
2025-06-03,81
2025-06-04,210
2025-06-05,137
2025-06-06,60
2025-06-07,53
2025-06-08,45
2025-06-09,59
2025-06-10,80
2025-06-11,104
2025-06-12,113
2025-06-13,130
2025-06-14,68
2025-06-15,63
2025-06-16,58
2025-06-17,89
2025-06-18,232
2025-06-19,115
2025-06-20,251
2025-06-21,109
2025-06-22,98
2025-06-23,137
2025-06-24,100
2025-06-25,90
2025-06-26,86
2025-06-27,119
2025-06-28,75
2025-06-29,64
2025-06-30,79
2025-07-01,79
2025-07-02,99
2025-07-03,145
2025-07-04,74
2025-07-05,60
2025-07-06,89
2025-07-07,116
2025-07-08,113
2025-07-09,78
2025-07-10,87
2025-07-11,87
2025-07-12,70
2025-07-13,80
2025-07-14,110
2025-07-15,99
2025-07-16,93
2025-07-17,89
2025-07-18,90
2025-07-19,43
2025-07-20,66
2025-07-21,68
2025-07-22,86
2025-07-23,107
2025-07-24,90
2025-07-25,89
2025-07-26,55
2025-07-27,93
2025-07-28,87
2025-07-29,52
2025-07-30,54
2025-07-31,132
2025-08-01,207
2025-08-02,91
2025-08-03,39
2025-08-04,78
2025-08-05,69
2025-08-06,167
2025-08-07,208
2025-08-08,223
2025-08-09,196
2025-08-10,136
2025-08-11,188
2025-08-12,177
2025-08-13,158
2025-08-14,182
2025-08-15,691
2025-08-16,351
2025-08-17,199
2025-08-18,261
2025-08-19,211
2025-08-20,120
2025-08-21,156
2025-08-22,165
2025-08-23,92
2025-08-24,82
2025-08-25,75
2025-08-26,76
2025-08-27,85
2025-08-28,68
2025-08-29,105
2025-08-30,144
2025-08-31,122
2025-09-01,170
2025-09-02,167
2025-09-03,277
2025-09-04,108
2025-09-05,220
2025-09-06,91
2025-09-07,60
2025-09-08,102
2025-09-09,92
2025-09-10,76
2025-09-11,72
2025-09-12,68
2025-09-13,56
2025-09-14,38
2025-09-15,71
2025-09-16,105
2025-09-17,103
2025-09-18,165
2025-09-19,97
2025-09-20,53
2025-09-21,51
2025-09-22,122
2025-09-23,87
2025-09-24,96
2025-09-25,108
2025-09-26,82
2025-09-27,58
2025-09-28,59
2025-09-29,81
2025-09-30,104
2025-10-01,71
2025-10-02,337
2025-10-03,96
2025-10-04,90
2025-10-05,91
2025-10-06,92
2025-10-07,190
2025-10-08,118
2025-10-09,147
2025-10-10,177
2025-10-11,69
2025-10-12,80
2025-10-13,100
2025-10-14,74
2025-10-15,99
2025-10-16,260
2025-10-17,215
2025-10-18,80
2025-10-19,90
2025-10-20,131
2025-10-21,151
2025-10-22,141
2025-10-23,194
2025-10-24,127
2025-10-25,98
2025-10-26,138
2025-10-27,106
2025-10-28,94
2025-10-29,137
2025-10-30,109
2025-10-31,102
2025-11-01,53
2025-11-02,49
2025-11-03,72
2025-11-04,130
2025-11-05,164
2025-11-06,101
2025-11-07,92
2025-11-08,48
2025-11-09,50
2025-11-10,84
2025-11-11,76
2025-11-12,77
2025-11-13,80
2025-11-14,62
2025-11-15,67
2025-11-16,45
2025-11-17,63
2025-11-18,88
2025-11-19,120
2025-11-20,176
2025-11-21,171
2025-11-22,79
2025-11-23,76
2025-11-24,101
2025-11-25,87
2025-11-26,140
2025-11-27,221
2025-11-28,173
2025-11-29,79
2025-11-30,62
2025-12-01,148
2025-12-02,286
2025-12-03,159
2025-12-04,210
2025-12-05,147
2025-12-06,55
2025-12-07,58
2025-12-08,107
2025-12-09,150
2025-12-10,87
2025-12-11,156
2025-12-12,126
2025-12-13,43
2025-12-14,40
2025-12-15,81
2025-12-16,73
2025-12-17,177
2025-12-18,106
2025-12-19,599
2025-12-20,108
2025-12-21,121
2025-12-22,101
2025-12-23,69
2025-12-24,119
2025-12-25,113
2025-12-26,100
2025-12-27,136
2025-12-28,131
2025-12-29,311
2025-12-30,153
2025-12-31,133
2026-01-01,95
2026-01-02,72
2026-01-03,195
2026-01-04,87
2026-01-05,87
2026-01-06,96
2026-01-07,93
2026-01-08,81
2026-01-09,139
2026-01-10,43
2026-01-11,64
2026-01-12,60
2026-01-13,55
2026-01-14,88
2026-01-15,132
2026-01-16,92
2026-01-17,49
2026-01-18,60
2026-01-19,76
2026-01-20,96
2026-01-21,137
2026-01-22,149
2026-01-23,121
2026-01-24,44
2026-01-25,62
2026-01-26,67
2026-01-27,81
2026-01-28,99
2026-01-29,103
2026-01-30,113
2026-01-31,69
2026-02-01,41
2026-02-02,86
2026-02-03,100
2026-02-04,112
2026-02-05,86
2026-02-06,50
2026-02-07,33
2026-02-08,43
2026-02-09,54
2026-02-10,53
2026-02-11,97
2026-02-12,69
2026-02-13,80
2026-02-14,66
2026-02-15,59
2026-02-16,62
2026-02-17,58
2026-02-18,77
2026-02-19,92
2026-02-20,79
2026-02-21,50
2026-02-22,55
2026-02-23,80
2026-02-24,109
2026-02-25,73
2026-02-26,78
2026-02-27,80
2026-02-28,185
2026-03-01,164
2026-03-02,116
2026-03-03,112
2026-03-04,136
2026-03-05,104
2026-03-06,93
2026-03-07,70
2026-03-08,98
2026-03-09,137
2026-03-10,100
2026-03-11,93
2026-03-12,86
2026-03-13,80
2026-03-14,52
2026-03-15,69
2026-03-16,80
2026-03-17,75
2026-03-18,130
2026-03-19,96
2026-03-20,58
2026-03-21,43
2026-03-22,40
2026-03-23,75
2026-03-24,69
2026-03-25,68
2026-03-26,96
2026-03-27,70
2026-03-28,36
2026-03-29,38
2026-03-30,49
2026-03-31,61
2026-04-01,82
2026-04-02,75
2026-04-03,43
2026-04-04,36
2026-04-05,38
2026-04-06,67
2026-04-07,90
2026-04-08,78
2026-04-09,105
2026-04-10,80
2026-04-11,62
2026-04-12,55
2026-04-13,76
2026-04-14,66
2026-04-15,62
2026-04-16,60
2026-04-17,67
2026-04-18,27
2026-04-19,48
2026-04-20,46
2026-04-21,59
2026-04-22,79
2026-04-23,74
2026-04-24,11
